<node>
	<task id="1003001" name="茁壮的小草">
		<diff>
			<exp>800</exp> 
			<coin>0</coin> 
			<goods id="100002" number="3" /> 
		</diff>
		<dia id="1">双叉岭的星草等待着和你一起并肩作战呢，快去向他证明你的能力吧，将它收服或许会成为你日后最信任的伙伴之一哦！</dia> 
		<dia id="2">到双叉岭去捕捉一只星草</dia> 
		<targetScene>2003</targetScene> 
	</task>
	<task id="1003002" name="勤劳小田鼠">
		<diff>
			<exp>1000</exp> 
			<coin>0</coin> 
			<goods id="100002" number="4" /> 
		</diff>
		<dia id="1">黑风山的小田鼠等待着和你一起并肩作战呢，快去向他证明你的能力吧，将它收服或许会成为你日后最信任的伙伴之一哦！</dia> 
		<dia id="2">到黑风山去捕捉一只小田鼠</dia> 
		<targetScene>2102</targetScene> 
	</task>
	<task id="1003003" name="铛铛响叮当">
		<diff>
			<exp>1200</exp> 
			<coin>0</coin> 
			<goods id="100002" number="5" /> 
		</diff>
		<dia id="1">流沙河的铛铛等待着和你一起并肩作战呢，快去向他证明你的能力吧，将它收服或许会成为你日后最信任的伙伴之一哦！</dia> 
		<dia id="2">到流沙河去捕捉一只铛铛</dia> 
		<targetScene>3003</targetScene> 
	</task>
	<task id="4001001" name="勤劳的小卡布">
		<diff>
			<exp>2500</exp>
			<coin>0</coin>
		</diff>
		<dia id="1">1</dia>
		<dia id="2">1</dia>
		<targetScene></targetScene>
	</task>
	<task id="4002001" name="心爱坐骑大比拼">
		<diff>
			<exp>2800</exp>
			<coin>0</coin>
		</diff>
		<dia id="1">1</dia>
		<dia id="2">1</dia>
		<targetScene></targetScene>
	</task>
	<task id="4003001" name="爱晒太阳的星草">
		<diff>
			<exp>2500</exp>
			<coin>0</coin>
		</diff>
		<dia id="1">1</dia>
		<dia id="2">1</dia>
		<targetScene></targetScene>
	</task>
	<task id="4004001" name="爱捉迷藏的小田鼠">
		<diff>
			<exp>2600</exp>
			<coin>0</coin>
		</diff>
		<dia id="1">1</dia>
		<dia id="2">1</dia>
		<targetScene>0</targetScene>
	</task>
	<task id="4005001" name="铛铛的收集爱好">
		<diff>
			<exp>2600</exp>
			<coin>0</coin>
		</diff>
		<conditions>
			<condition id="400063" x="-1" y="-1"></condition>
			<condition id="400064" x="-1" y="-1"></condition>
			<condition id="400065" x="-1" y="-1"></condition>
		</conditions>
		<dia id="1">1</dia>
		<dia id="2">1</dia>
		<targetScene>0</targetScene>
	</task>
	<task id="4006001" name="跑环任务">
		<diff>
			<exp>0</exp>
			<coin>0</coin>
		</diff>
		<dia id="1">1</dia>
		<dia id="2">1</dia>
		<targetScene>3003</targetScene>
	</task>
	<task id="4007001" name="小游戏合集">
		<diff>
			<exp>2600</exp>
			<coin>0</coin>
		</diff>
		<dia id="1">1</dia>
		<dia id="2">1</dia>
		<targetScene>0</targetScene>
	</task>
	<task id="4008001" name="卡布战场新星">
		<diff>
			<exp>2800</exp>
			<coin>0</coin>
		</diff>
		<dia id="1">1</dia>
		<dia id="2">1</dia>
		<targetScene>0</targetScene>
	</task>
	<task id="4009001" name="许愿墙的祝福">
		<diff>
			<exp>2500</exp>
			<coin>0</coin>
		</diff>
		<dia id="1">1</dia>
		<dia id="2">1</dia>
		<targetScene>0</targetScene>
	</task>
	<task id="4010001" name="勤劳的农庄主">
		<diff>
			<exp>2800</exp>
			<coin>0</coin>
		</diff>
		<dia id="1">1</dia>
		<dia id="2">1</dia>
		<targetScene>0</targetScene>
	</task>
	<task id="4011001" name="神明果树的恩赐">
		<diff>
			<exp>2600</exp>
			<coin>0</coin>
		</diff>
		<dia id="1">1</dia>
		<dia id="2">1</dia>
		<targetScene>0</targetScene>
	</task>
	<task id="4012001" name="神奇的碧水洞天">
		<diff>
			<exp>2800</exp>
			<coin>0</coin>
		</diff>
		<dia id="1">1</dia>
		<dia id="2">1</dia>
		<targetScene>0</targetScene>
	</task>
	<task id="4013001" name="家族守卫者">
		<diff>
			<exp>2800</exp>
			<coin>0</coin>
		</diff>
		<dia id="1">1</dia>
		<dia id="2">1</dia>
		<targetScene>0</targetScene>
	</task>
</node>