﻿<equips>
  <equip>
    <type>1</type>
    <name>孙悟空</name>
	<yposition>0</yposition>
    <sex>1</sex>
    <valid>3</valid>
    <id>50021</id>
	<desc>可以变身成为孙悟空的一张卡片</desc>
  </equip>
  <equip>
    <type>1</type>
    <name>猪八戒</name>
	<yposition>0</yposition>
    <sex>1</sex>
    <valid>3</valid>
    <id>50022</id>
	<desc>可以变身成为猪八戒的一张卡片</desc>
  </equip>
  <equip>
    <type>1</type>
    <name>沙僧</name>
	<yposition>0</yposition>
    <sex>1</sex>
    <valid>3</valid>
    <id>50023</id>
	<desc>可以变身成为沙僧的一张卡片</desc>
  </equip>
  <equip>
    <type>1</type>
    <name>小白龙</name>
	<yposition>0</yposition>
    <sex>1</sex>
    <valid>3</valid>
    <id>50024</id>
	<desc>可以变身成为白龙马的一张卡片</desc>
  </equip>
  <equip>
    <type>1</type>
    <name>小仙女</name>
	<yposition>0</yposition>
    <sex>1</sex>
    <valid>3</valid>
    <id>50025</id>
	<desc>可以变身成为小仙女的一张卡片</desc>
  </equip>
</equips>