<root>	<node id = '1'>
		<type>1</type>
		<name>COMBAT_NO_SPIRIT</name>
		<desc>你没有可以战斗的妖怪哦!</desc>
		<function>null</function>
	</node>
	<node id = '2'>
		<type>1</type>
		<name>COMBAT_ARENA_IS_COMBATING</name>
		<desc>擂台上正激烈的战斗着，请等会再挑战</desc>
		<function>null</function>
	</node>
	<node id = '3'>
		<type>1</type>
		<name>COMBAT_ARENA_NO_READY</name>
		<desc>擂主还没准备好呢，请等会再挑战</desc>
		<function>null</function>
	</node>
	<node id = '4'>
		<type>1</type>
		<name>COMBAT_ARENA_TIME_OUT</name>
		<desc>很遗憾，因为你没有及时回到擂台上等待其他玩家的挑战，失去了擂主位置，你可以重新挑战擂台，夺回擂主资格。</desc>
		<function>null</function>
	</node>
	<node id = '5'>
		<type>1</type>
		<name>COMBAT_ARENA_CHANGE</name>
		<desc>当擂主在擂台上打开妖怪背包点击“设为首选”时，将提示“擂主不能更换妖怪哦！”</desc>
		<function>null</function>
	</node>
	<node id = '6'>
		<type>1</type>
		<name>COMBAT_MIXPK_TIME_FULL</name>
		<desc>今天的大乱斗已经训练得差不多了，明天再带你的妖怪过来吧！</desc>
		<function>null</function>
	</node>
	<node id = '7'>
		<type>1</type>
		<name>COMBAT_MIXPK_NO_ENOUGH</name>
		<desc>身上至少要带有3只妖怪才能参加妖怪大乱斗哦！</desc>
		<function>null</function>
	</node>
	<node id = '8'>
		<type>1</type>
		<name>COMBAT_MIXPK_INVALID_SPIRIT</name>
		<desc>你所带妖怪达不到对战要求哦！</desc>
		<function>null</function>
	</node>
	<node id = '9'>
		<type>1</type>
		<name>COMBAT_PK_UNKNOWN_ERROR</name>
		<desc>你暂时不能PK哦~</desc>
		<function>null</function>
	</node>
	<node id = '10'>
		<type>1</type>
		<name>COMBAT_MONSTER_UNKNOWN_ERROR</name>
		<desc>妖怪跑了</desc>
		<function>null</function>
	</node>
	<node id = '11'>
		<type>1</type>
		<name>COMBAT_ARENA_UNKNOWN_ERROR</name>
		<desc>你暂时不能参加擂台哦~</desc>
		<function>null</function>
	</node>
	<node id = '12'>
		<type>1</type>
		<name>COMBAT_NO_HP</name>
		<desc>你背包中的妖怪没有血哦~</desc>
		<function>null</function>
	</node>
	<node id = '13'>
		<type>1</type>
		<name>COMBAT_PK_REJECT</name>
		<desc>对方拒绝挑战</desc>
		<function>null</function>
	</node>
	<node id = '14'>
		<type>1</type>
		<name>COMBAT_PK_OFFLINE</name>
		<desc>对方不在线</desc>
		<function>null</function>
	</node>
	<node id = '15'>
		<type>1</type>
		<name>COMBAT_COMBATING</name>
		<desc>对方正在战斗中</desc>
		<function>null</function>
	</node>
	<node id = '16'>
		<type>1</type>
		<name>COMBAT_PK_PKING</name>
		<desc>对方已经被其他人挑战了</desc>
		<function>null</function>
	</node>
	<node id = '17'>
		<type>1</type>
		<name>COMBAT_PK_CANCEL</name>
		<desc></desc>
		<function>null</function>
	</node>
	<node id = '18'>
		<type>1</type>
		<name>COMBAT_PK_OTHER_NO_SPIRIT</name>
		<desc>对方没有精魂不能战斗</desc>
		<function>null</function>
	</node>
	<node id = '19'>
		<type>1</type>
		<name>COMBAT_PK_NO_SPIRIT</name>
		<desc>你没有精魂可以PK哦~</desc>
		<function>null</function>
	</node>
	<node id = '20'>
		<type>1</type>
		<name>COMBAT_PK_NO_HP</name>
		<desc>你背包中的精魂没血,不能PK哦~</desc>
		<function>null</function>
	</node>
	<node id = '21'>
		<type>1</type>
		<name>COMBAT_NO_FIRST</name>
		<desc>你没有设置首选精魂哦~</desc>
		<function>null</function>
	</node>
	<node id = '22'>
		<type>1</type>
		<name>COMBAT_FIRST_NO_HP</name>
		<desc>你的首选精魂没有血哦~</desc>
		<function>null</function>
	</node>
	<node id = '23'>
		<type>1</type>
		<name>COMBAT_PK_NO_FIGHT_SPIRIT</name>
		<desc>你没有可以出战的妖怪哦</desc>
		<function>null</function>
	</node>
	<node id = '24'>
		<type>1</type>
		<name>COMBAT_PK_OTHER_NO_FIGHT_SPIRIT</name>
		<desc>对方没有可以出战的妖怪</desc>
		<function>null</function>
	</node>
	<node id = '25'>
		<type>1</type>
		<name>COMBAT_PK_PLAYER_REST</name>
		<desc>游戏时间已经到了哦</desc>
		<function>null</function>
	</node>
	<node id = '26'>
		<type>1</type>
		<name>COMBAT_ASSIGN_EXP_FULL</name>
		<desc>你的贝贝经验库已经满了哦</desc>
		<function>null</function>
	</node>
	<node id = '27'>
		<type>1</type>
		<name>GAMERANK_ONLIST</name>
		<desc>闯入积分榜</desc>
		<function>null</function>
	</node>
	<node id = '29'>
		<type>1</type>
		<name>STORE_FULL</name>
		<desc>你的妖怪背包已经满了哦~</desc>
		<function>null</function>
	</node>
	<node id = '30'>
		<type>1</type>
		<name>STORE_ERROR_UNKNOW</name>
		<desc>未知错误~</desc>
		<function>null</function>
	</node>
	<node id = '31'>
		<type>1</type>
		<name>STORE_COLL_FULL</name>
		<desc>你的收藏仓库无法放这么多只妖怪哦~</desc>
		<function>null</function>
	</node>
	<node id = '32'>
		<type>1</type>
		<name>STORE_SPIRIT_FULL</name>
		<desc>你的妖怪仓库已经满了 哦~</desc>
		<function>null</function>
	</node>
	<node id = '33'>
		<type>1</type>
		<name>STORE_SHOW_FULL</name>
		<desc>家园里已经有太多展示的妖怪了。</desc>
		<function>null</function>
	</node>
	<node id = '34'>
		<type>1</type>
		<name>EXP_PROFIT_FULL</name>
		<desc>你太厉害了，已达到当日最高收益上限，休息一下，明天再继续吧</desc>
		<function>null</function>
	</node>
	<node id = '35'>
		<type>1</type>
		<name>STORE_ALL_FULL</name>
		<desc>妖怪仓库已经满员啦！快点放掉几只，让别的妖怪进来住吧！</desc>
		<function>null</function>
	</node>
	<node id = '36'>
		<type>1</type>
		<name>LABOR_GET_EXP</name>
		<desc>太幸运了，在清理的过程中获得了1000历练</desc>
		<function>null</function>
	</node>
	<node id = '37'>
		<type>1</type>
		<name>LABOR_GET_JCY</name>
		<desc>太幸运了，在清理的过程中获得了一个大金创药</desc>
		<function>null</function>
	</node>
	<node id = '38'>
		<type>1</type>
		<name>LABOR_GET_HL</name>
		<desc>太幸运了，在清理的过程中获得了一个普通葫芦</desc>
		<function>null</function>
	</node>
	<node id = '39'>
		<type>1</type>
		<name>UNKNOWN_1</name>
		<desc>似乎有强大的妖怪守护在里面，需要完成魔晶战记之九齿钉耙才能进去！</desc>
		<function>null</function>
	</node>
	<node id = '40'>
		<type>1</type>
		<name>COMBAT_ARENA_NO_HP</name>
		<desc>你的背包中没有妖怪哦，快去将家园训练或仓库中的妖怪放入背包吧！</desc>
		<function>null</function>
	</node>
	<node id = '41'>
		<type>1</type>
		<name>COMBAT_MIXPK_CLOSE_NOW</name>
		<desc>大乱斗场地被人侵占了</desc>
		<function>null</function>
	</node>
	<node id = '42'>
		<type>1</type>
		<name>COMBAT_PK_IN_ARENA</name>
		<desc>擂主不能加入其它对战哦</desc>
		<function>null</function>
	</node>
	<node id = '43'>
		<type>1</type>
		<name>COMBAT_PK_OTHER_IN_ARENA</name>
		<desc>擂主不能加入其它战斗</desc>
		<function>null</function>
	</node>
	<node id = '44'>
		<type>1</type>
		<name>COMBAT_PK_IN_ROOM</name>
		<desc>你在厢房中不能pk</desc>
		<function>null</function>
	</node>
	<node id = '45'>
		<type>1</type>
		<name>COMBAT_PK_OTHER_IN_ROOM</name>
		<desc>对方在厢房中不能pk</desc>
		<function>null</function>
	</node>
	<node id = '46'>
		<type>1</type>
		<name>COMBAT_PK_IN_COPY</name>
		<desc>你在副本中不能pk</desc>
		<function>null</function>
	</node>
	<node id = '47'>
		<type>1</type>
		<name>COMBAT_PK_OTHER_IN_COPY</name>
		<desc>对方在副本中不能pk</desc>
		<function>null</function>
	</node>
	<node id = '48'>
		<type>1</type>
		<name>COMBAT_SP_CANNOT_RELEASE</name>
		<desc>这个妖怪不能放生哦 o(∩_∩)o </desc>
		<function>null</function>
	</node>
	<node id = '49'>
		<type>1</type>
		<name>ITEM_ADD_ITEM_TOOMUCH</name>
		<desc>您背包中的同类物品已经达到上限啦</desc>
		<function>null</function>
	</node>
	<node id = '101'>
		<type>1</type>
		<name>SYSCTL_SRV_SHUT</name>
		<desc>此服务暂时关闭哟，亲</desc>
		<function>null</function>
	</node>
	<node id = '50'>
		<type>1</type>
		<name>CHANGE_SCENE_TIMELIMIT</name>
		<desc>你已经在天上逗留30分钟啦！开始出现呼吸困难的缺氧现象，必须回到地面了。</desc>
		<function>null</function>
	</node>
	<node id = '51'>
		<type>1</type>
		<name>NOT_USE_FRAME</name>
		<desc>你还没有加入家族，不能使用。</desc>
		<function>null</function>
	</node>
	<node id = '52'>
		<type>1</type>
		<name>LANTERN_CODE</name>
		<desc>注意哦，每天的12点到14点、17点到20点才是灯谜会的开放时间~~千万不要弄错了哦~！</desc>
		<function>null</function>
	</node>
	<node id = '53'>
		<type>1</type>
		<name>NOT_ENTER</name>
		<desc>长安郊外的开放时间是每天的18:00点——21:00点哦，耐心等到开放时再来吧！</desc>
		<function>null</function>
	</node>
	<node id = '54'>
		<type>1</type>
		<name>SHITU_RELATION</name>
		<desc>你们有师徒关系哦，不能解除哟</desc>
		<function>null</function>
	</node>
	<node id = '55'>
		<type>1</type>
		<name>VIP_NOTIFY_OPEN</name>
		<desc>恭喜你，成功开通卡布西游VIP！</desc>
		<function>null</function>
	</node>
	<node id = '56'>
		<type>1</type>
		<name>VIP_NOTIFY_GOON</name>
		<desc>恭喜你，成功续费卡布西游VIP！</desc>
		<function>null</function>
	</node>
	<node id = '57'>
		<type>1</type>
		<name>VIP_WILL_EXPIRE</name>
		<desc>你的VIP即将到期,请记得及时充值哦</desc>
		<function>null</function>
	</node>
	<node id = '58'>
		<type>1</type>
		<name>VIP_EXPIREd</name>
		<desc>你的VIP已经过期,欢迎再次开通,享受VIP特权</desc>
		<function>null</function>
	</node>
	<node id = '59'>
		<type>1</type>
		<name>CODE_CHRISTMAS</name>
		<desc>恭喜你成功参与圣诞堆雪人活动，获得了一个圣诞礼盒，请到背包里面查看</desc>
		<function>null</function>
	</node>
	<node id = '60'>
		<type>1</type>
		<name>DRAGON_ACTIVITY_AWARD</name>
		<desc>恭喜你获得"碧青水龙兽"</desc>
		<function>null</function>
	</node>
	<node id = '61'>
		<type>1</type>
		<name>FAMILY_DRAGON_ACTIVITY</name>
		<desc>家族龙王宝箱已经开启,你获得了奖励</desc>
		<function>null</function>
	</node>
	<node id = '62'>
		<type>1</type>
		<name>ITEM_SELLITME_MAX_COUNT</name>
		<desc>你今天出售该种类的道具已经超过上限了</desc>
		<function>null</function>
	</node>
	<node id = '63'>
		<type>1</type>
		<name>DANCE_ACTIVITY_HAS_PEOPLE</name>
		<desc>这个位子上已经有人了，请挑别的位子跳舞吧~</desc>
		<function>null</function>
	</node>
	<node id = '64'>
		<type>1</type>
		<name>DANCE_ACTIVITY_NOT_JOIN</name>
		<desc>你没参与本次召唤活动，不能获得哦。</desc>
		<function>null</function>
	</node>
	<node id = '65'>
		<type>1</type>
		<name>DANCE_ACTIVITY_NOT_AWARD</name>
		<desc>你已经获得过一次奖励了，这次不能获得哦。</desc>
		<function>null</function>
	</node>
	<node id = '66'>
		<type>1</type>
		<name>DANCE_ACTIVITY_CRYSTAL_LIMIT</name>
		<desc>你最多只能获得15个小能量球哦</desc>
		<function>null</function>
	</node>
	<node id = '67'>
		<type>1</type>
		<name>DANCE_ACTIVITY_NOT_OVER</name>
		<desc>活动还没有结束,暂时还不能上舞台哦</desc>
		<function>null</function>
	</node>
	<node id = '68'>
		<type>1</type>
		<name>DANCE_ACTIVITY_IN_SCENE</name>
		<desc>你已经在舞台上了哦</desc>
		<function>null</function>
	</node>
	<node id = '69'>
		<type>1</type>
		<name>DANCE_ACTIVITY_PEOPELE_LIMIT</name>
		<desc>两个以上的玩家站到垫子上,才能触发能量球哦</desc>
		<function>null</function>
	</node>
	<node id = '70'>
		<type>1</type>
		<name>COMBAT_MULTI_ARENA_TIME_OUT</name>
		<desc>遗憾，因为你没有及时回到擂台上等待其他玩家的挑战，失去了擂主位置，你可以重新挑战擂台，夺回擂主资格</desc>
		<function>null</function>
	</node>
	<node id = '71'>
		<type>1</type>
		<name>BEST_GAME</name>
		<desc>恭喜你获得中国最佳儿童网游评选中支持卡布西游的奖励光明之杖</desc>
		<function>null</function>
	</node>
	<node id = '81'>
		<type>1</type>
		<name>TEAM_NOT_EXIT</name>
		<desc>该队伍不存在哦</desc>
		<function>null</function>
	</node>
	<node id = '82'>
		<type>1</type>
		<name>TEAM_ISFULL</name>
		<desc>该队伍已经满人啦</desc>
		<function>null</function>
	</node>
	<node id = '83'>
		<type>1</type>
		<name>TEAM_SEND_INVITE</name>
		<desc>已向该队长发出申请，请耐心等候</desc>
		<function>null</function>
	</node>
	<node id = '84'>
		<type>1</type>
		<name>TEAM_HAVE_TEAM</name>
		<desc>你已经有自己的队伍了，不可再加入</desc>
		<function>null</function>
	</node>
	<node id = '85'>
		<type>1</type>
		<name>TEAM_NEW_ERROR</name>
		<desc>没有内存啦！！ 系统出错啦</desc>
		<function>null</function>
	</node>
	<node id = '86'>
		<type>1</type>
		<name>TEAM_OTHER_HAVE_TEAM</name>
		<desc>该名小卡布已经有队伍了，换个吧~</desc>
		<function>null</function>
	</node>
	<node id = '87'>
		<type>1</type>
		<name>TEAM_NOT_POWER</name>
		<desc>只有队长才可以邀请其他玩家哦</desc>
		<function>null</function>
	</node>
	<node id = '88'>
		<type>1</type>
		<name>TEAM_NOT_PEOPLE</name>
		<desc>没有这个人哦</desc>
		<function>null</function>
	</node>
	<node id = '89'>
		<type>1</type>
		<name>TEAM_NOT_IN_SAME_SERVER</name>
		<desc>这位小卡布和你不在同一服，不能组队哦~</desc>
		<function>null</function>
	</node>
	<node id = '90'>
		<type>1</type>
		<name>CODE_KITE</name>
		<desc>恭喜你成功参与风筝盛会活动,获得风筝一个,请到背包里面查看</desc>
		<function>null</function>
	</node>
	<node id = '91'>
		<type>1</type>
		<name>FAMILY_BATTLE_JOIN_TOO_TIMES</name>
		<desc>你们家族今天不能再参加家族战场了。</desc>
		<function>null</function>
	</node>
	<node id = '92'>
		<type>1</type>
		<name>VIP_MSG_1</name>
		<desc>伏魔殿的刑天之门副本调整:战胜封印兽可以获得5个武魂，更多的轮回井召唤机会，赶快来体验吧，女儿国国都和时空乐园均可进入~</desc>
		<function>null</function>
	</node>
	<node id = '93'>
		<type>1</type>
		<name>FAMILY_BATTLE_TIMES_LIMIT</name>
		<desc>现在还没到家族战场开放的时间哦！</desc>
		<function>null</function>
	</node>
	<node id = '94'>
		<type>1</type>
		<name>COMBAT_SP_CANNOT_RELEASE_ONWEAR</name>
		<desc>该妖怪装备了灵玉，无法放生，请先卸下装备的灵玉。</desc>
		<function>null</function>
	</node>
	<node id = '95'>
		<type>1</type>
		<name>COPY_NO_ENTER_COUNT</name>
		<desc>今日副本挑战剩余次数为0,休息休息,明天再来挑战吧!</desc>
		<function>null</function>
	</node>
	<node id = '96'>
		<type>1</type>
		<name>COPY_NOT_ENOUGH_LV</name>
		<desc>天神界危险异常，请带上50级以上的妖怪再进去吧！</desc>
		<function>null</function>
	</node>
	<node id = '97'>
		<type>1</type>
		<name>BOSS_ACTIVITY_NOT_OPEN</name>
		<desc>全民boss活动还没开启</desc>
		<function>null</function>
	</node>
	<node id = '98'>
		<type>1</type>
		<name>BOSS_ACTIVITY_SLEEP</name>
		<desc>boss睡眠中</desc>
		<function>null</function>
	</node>
	<node id = '99'>
		<type>1</type>
		<name>BOSS_ACTIVITY_CDTIME</name>
		<desc>被噬天大帝击败后还没恢复过来，请稍后再试。</desc>
		<function>null</function>
	</node>
	<node id = '100'>
		<type>1</type>
		<name>SHOP_HAPPYLOOP_CLOSE</name>
		<desc>正在修理中</desc>
		<function>null</function>
	</node>
	<node id = '102'>
		<type>1</type>
		<name>SHOP_BUY_CLOSE</name>
		<desc>商城尚未开放，请稍候</desc>
		<function>null</function>
	</node>
	<node id = '103'>
		<type>1</type>
		<name>COPY11_SPIRIT_LEVEL</name>
		<desc>锁妖塔危险异常,请带上70级以上的妖怪再进去吧</desc>
		<function>null</function>
	</node>
	<node id = '104'>
		<type>1</type>
		<name>COPY11_SPIRIT_NO_HP</name>
		<desc>你的妖怪背包没有可以战斗的妖怪哦</desc>
		<function>null</function>
	</node>
	<node id = '105'>
		<type>1</type>
		<name>DEADLINE_NEAREX_NOTIFY</name>
		<desc>你的【itemname】即将过期</desc>
		<function>null</function>
	</node>
	<node id = '106'>
		<type>1</type>
		<name>DEADLINE_EX_NOTIFY</name>
		<desc>你身上的【itemname】已过期</desc>
		<function>null</function>
	</node>
	<node id = '110'>
		<type>1</type>
		<name>YUEBING_ACTIVITY_NOT_OPEN</name>
		<desc>阅兵活动还没开始</desc>
		<function>null</function>
	</node>
	<node id = '111'>
		<type>1</type>
		<name>YUEBING_ACTIVITY_NOT_ITEM</name>
		<desc>弹药（弩箭）被人捡啦~</desc>
		<function>null</function>
	</node>
	<node id = '112'>
		<type>1</type>
		<name>YUEBING_ACTIVITY_ITEM_FULL</name>
		<desc>背包里已经有很多的弹药（弩箭）了~</desc>
		<function>null</function>
	</node>
	<node id = '113'>
		<type>1</type>
		<name>YUEBING_ACTIVITY_NOT_TOOL</name>
		<desc>你的背包内没有弹药（弩箭）哦~</desc>
		<function>null</function>
	</node>
	<node id = '114'>
		<type>1</type>
		<name>CY_ACTIVITY_PLANT_MORE</name>
		<desc>你今天已经播种了三株菊花。</desc>
		<function>null</function>
	</node>
	<node id = '115'>
		<type>1</type>
		<name>CY_ACTIVITY_PICK_MORE</name>
		<desc>你今天已经成功采摘五朵菊花。</desc>
		<function>null</function>
	</node>
	<node id = '116'>
		<type>1</type>
		<name>CY_ACTIVITY_GROWING</name>
		<desc>菊花正在成长中，无法采摘哦~</desc>
		<function>null</function>
	</node>
	<node id = '117'>
		<type>1</type>
		<name>CY_ACTIVITY_NOT_ENOUGH_ITEM</name>
		<desc>你还没有得到足够的菊花哦，赶快去封神岭采摘~</desc>
		<function>null</function>
	</node>
	<node id = '118'>
		<type>1</type>
		<name>CARD_CHANGE_FUNLL</name>
		<desc>今日变卡次数已用光</desc>
		<function>null</function>
	</node>
	<node id = '119'>
		<type>1</type>
		<name>BI_ACTIVITY_NOT_ITEM</name>
		<desc>你的背包内没有冰之力量哦~</desc>
		<function>null</function>
	</node>
	<node id = '123'>
		<type>1</type>
		<name>ACT_VANISH_STAR</name>
		<desc>成功获得了一颗许愿星，请赶快将它装扮到寒冰谷的圣诞树上吧！~</desc>
		<function>null</function>
	</node>
	<node id = '128'>
		<type>1</type>
		<name>FLOAT_COMBAT_EXP</name>
		<desc>选择正确，恭喜您获得1500历练</desc>
		<function>null</function>
	</node>
	<node id = '122'>
		<type>1</type>
		<name>ACT_VANISH_BALL</name>
		<desc>成功找回圣诞彩球，赶快去寒冰谷装扮到圣诞树上去吧！~</desc>
		<function>null</function>
	</node>
	<node id = '120'>
		<type>1</type>
		<name>FA_LI_SCORE_GU_LI</name>
		<desc>获得2积分，记得兑换哦~</desc>
		<function>null</function>
	</node>
	<node id = '121'>
		<type>1</type>
		<name>FA_LI_SCORE_SHUI_JIAO</name>
		<desc>获得1积分，记得兑换哦~</desc>
		<function>null</function>
	</node>
	<node id = '129'>
		<type>1</type>
		<name>FLOAT_COMBAT_EXP1</name>
		<desc>选择正确，恭喜您获得2500历练</desc>
		<function>null</function>
	</node>
	<node id = '127'>
		<type>1</type>
		<name>FLOAT_NOTIFY_ALERT</name>
		<desc>获得【道具列表】</desc>
		<function>null</function>
	</node>
	<node id = '130'>
		<type>1</type>
		<name>FLOAT_COMBAT_COIN</name>
		<desc>选择正确，恭喜您获得200铜钱</desc>
		<function>null</function>
	</node>
	<node id = '131'>
		<type>1</type>
		<name>FLOAT_COMBAT_NORMAL</name>
		<desc>选择正确</desc>
		<function>null</function>
	</node>
	<node id = '132'>
		<type>1</type>
		<name>NOT_ENOUGH_LEVEL</name>
		<desc>亲，等级似乎不够呀</desc>
		<function>null</function>
	</node>
	<node id = '124'>
		<type>1</type>
		<name>REQ_CHRISTMAS_ATTACK</name>
		<desc>你今天已经得了很多勋章~~</desc>
		<function>null</function>
	</node>
	<node id = '213'>
		<type>1</type>
		<name>HOLYPOINT80</name>
		<desc>获得战功80点！</desc>
		<function>null</function>
	</node>
	<node id = '214'>
		<type>1</type>
		<name>HOLYPOINT50</name>
		<desc>获得战功50点！</desc>
		<function>null</function>
	</node>
	<node id = '211'>
		<type>1</type>
		<name>HOLYPOINT150</name>
		<desc>获得战功150点！</desc>
		<function>null</function>
	</node>
	<node id = '212'>
		<type>1</type>
		<name>HOLYPOINT120</name>
		<desc>获得战功120点！</desc>
		<function>null</function>
	</node>
	<node id = '133'>
		<type>1</type>
		<name>REQ_CHRISTMAS_CLEAN1</name>
		<desc>叮叮博士将剩余的圣诞装扮拿回，并奖励你</desc>
		<function>null</function>
	</node>
	<node id = '134'>
		<type>1</type>
		<name>REQ_XINZHANG_CLEAN</name>
		<desc>叮叮博士将剩余的圣诞勋章拿回，并奖励你</desc>
		<function>null</function>
	</node>
	<node id = '135'>
		<type>1</type>
		<name>REQ_CHRISTMAS_HIT</name>
		<desc>该气球已经被其他小卡布击破了哦~~</desc>
		<function>null</function>
	</node>
	<node id = '136'>
		<type>1</type>
		<name>BACKGARDEN_FULL</name>
		<desc>亲，场地有限，实在堆不下那么多装扮了哦～</desc>
		<function>null</function>
	</node>
	<node id = '137'>
		<type>1</type>
		<name>FOSTER_SPIRIT_FULL</name>
		<desc>你的精魄收藏箱已满，请将收藏箱中的精魄进行化形，再来购买！</desc>
		<function>null</function>
	</node>
	<node id = '138'>
		<type>1</type>
		<name>FOSTER_SPIRIT_FULL2</name>
		<desc>对方精魄收藏箱已满，无法赠送。</desc>
		<function>null</function>
	</node>
	<node id = '139'>
		<type>1</type>
		<name>HORSEBABY_REBORN_RATE</name>
		<desc>神兽转化率已经100%，不能再度提升啦</desc>
		<function>null</function>
	</node>
	<node id = '140'>
		<type>1</type>
		<name>REQ_KUMQUAT_CODE1</name>
		<desc>新年贺语卷轴中的文字已经被填满，你获得了</desc>
		<function>null</function>
	</node>
	<node id = '141'>
		<type>1</type>
		<name>REQ_KUMQUAT_CODE2</name>
		<desc>个吉祥礼盒</desc>
		<function>null</function>
	</node>
	<node id = '150'>
		<type>1</type>
		<name>ERROR_DATA</name>
		<desc>亲，此帐号数据异常不能登录，请重新注册一个吧···</desc>
		<function>null</function>
	</node>
	<node id = '151'>
		<type>1</type>
		<name>VIP_BONUS</name>
		<desc>亲，这个只有vip才可以使用哦</desc>
		<function>null</function>
	</node>
	<node id = '152'>
		<type>1</type>
		<name>WISH_CARD_CODE1</name>
		<desc>你收到一份来自“叮叮博士”的新年祝福？~</desc>
		<function>null</function>
	</node>
	<node id = '153'>
		<type>1</type>
		<name>WISH_CARD_CODE2</name>
		<desc>你收到一份新年祝福，是否立即查看？~</desc>
		<function>null</function>
	</node>
	<node id = '154'>
		<type>1</type>
		<name>BANG_REWARD</name>
		<desc>感谢小卡布积极参与“鞭炮声声响 新年贺礼到”活动，您还有</desc>
		<function>null</function>
	</node>
	<node id = '155'>
		<type>1</type>
		<name>BANGER_NUM</name>
		<desc>个鞭炮</desc>
		<function>null</function>
	</node>
	<node id = '159'>
		<type>1</type>
		<name>SEND_MAIL_REWARD</name>
		<desc>历练返回给各位小卡布。亲爱的小卡布们注意查收哦！</desc>
		<function>null</function>
	</node>
	<node id = '156'>
		<type>1</type>
		<name>PAUSE</name>
		<desc>、</desc>
		<function>null</function>
	</node>
	<node id = '157'>
		<type>1</type>
		<name>MATCH_NUM</name>
		<desc>个火柴</desc>
		<function>null</function>
	</node>
	<node id = '158'>
		<type>1</type>
		<name>UNUSE</name>
		<desc>未使用，这些鞭炮/火柴将兑换成</desc>
		<function>null</function>
	</node>
	<node id = '160'>
		<type>1</type>
		<name>RICE_DUMPLING</name>
		<desc>胖墩博士将剩余的汤圆铺使用券拿回，并奖励你</desc>
		<function>null</function>
	</node>
	<node id = '161'>
		<type>1</type>
		<name>RICE_DUMPLING_EXP</name>
		<desc>历练！~</desc>
		<function>null</function>
	</node>
	<node id = '162'>
		<type>1</type>
		<name>IS_OPEN_VIP</name>
		<desc>亲，您当前不是VIP哦~，请开通VIP后再来领取~~</desc>
		<function>null</function>
	</node>
	<node id = '163'>
		<type>1</type>
		<name>IS_VIP_CARD</name>
		<desc>亲,使用VIP体验卡不能领取首次礼包哦,请兑换VIP后再来领取~~</desc>
		<function>null</function>
	</node>
	<node id = '164'>
		<type>1</type>
		<name>BALLOON_REWARD1</name>
		<desc>获得1张周年礼券~</desc>
		<function>null</function>
	</node>
	<node id = '165'>
		<type>1</type>
		<name>BALLOON_REWARD8</name>
		<desc>亲，很可惜，没有获得奖励~请继续加油哦~</desc>
		<function>null</function>
	</node>
	<node id = '166'>
		<type>1</type>
		<name>USE_CARD_OPEN_VIP</name>
		<desc>恭喜获得7天VIP体验时间，快去感受VIP超值特权吧！~</desc>
		<function>null</function>
	</node>
	<node id = '167'>
		<type>1</type>
		<name>MACHINE_HINT_1</name>
		<desc>亲，您消耗了1卡布币，成功加速了1分钟~~~</desc>
		<function>null</function>
	</node>
	<node id = '168'>
		<type>1</type>
		<name>MACHINE_HINT_2</name>
		<desc>亲，您消耗了2卡布币，成功加速了2分钟~~~</desc>
		<function>null</function>
	</node>
	<node id = '169'>
		<type>1</type>
		<name>MACHINE_HINT_3</name>
		<desc>亲，您消耗了3卡布币，成功加速了3分钟~~~</desc>
		<function>null</function>
	</node>
	<node id = '170'>
		<type>1</type>
		<name>MACHINE_HINT_4</name>
		<desc>亲，您消耗了4卡布币，成功加速了4分钟~~~</desc>
		<function>null</function>
	</node>
	<node id = '171'>
		<type>1</type>
		<name>MACHINE_HINT_5</name>
		<desc>亲，您消耗了5卡布币，成功加速了5分钟~~~</desc>
		<function>null</function>
	</node>
	<node id = '172'>
		<type>1</type>
		<name>SGAME_CLOSE_HINT</name>
		<desc>游戏乐园设施被破坏，目前正在全力抢修中，请稍候再来！</desc>
		<function>null</function>
	</node>
	<node id = '173'>
		<type>1</type>
		<name>HIRE_HAULER_1</name>
		<desc>扣除卡布币1个，成功雇佣蚂蚁运输工！</desc>
		<function>null</function>
	</node>
	<node id = '174'>
		<type>1</type>
		<name>HIRE_HAULER_2</name>
		<desc>扣除卡布币2个，成功雇佣蚂蚁运输工！</desc>
		<function>null</function>
	</node>
	<node id = '175'>
		<type>1</type>
		<name>HIRE_HAULER_3</name>
		<desc>扣除卡布币3个，成功雇佣蚂蚁运输工！</desc>
		<function>null</function>
	</node>
	<node id = '176'>
		<type>1</type>
		<name>HIRE_HAULER_4</name>
		<desc>扣除卡布币4个，成功雇佣蚂蚁运输工！</desc>
		<function>null</function>
	</node>
	<node id = '177'>
		<type>1</type>
		<name>HIRE_HAULER_5</name>
		<desc>扣除卡布币5个，成功雇佣蚂蚁运输工！</desc>
		<function>null</function>
	</node>
	<node id = '178'>
		<type>1</type>
		<name>COPY14_1</name>
		<desc>该物品已达上限~~</desc>
		<function>null</function>
	</node>
	<node id = '179'>
		<type>1</type>
		<name>REWARD_HAS_GOT</name>
		<desc>你今日已经领取过奖励了，休息一下吧！~</desc>
		<function>null</function>
	</node>
	<node id = '180'>
		<type>1</type>
		<name>COPY_FACE_FAIL_1</name>
		<desc>默认表情无法复制哦~</desc>
		<function>null</function>
	</node>
	<node id = '181'>
		<type>1</type>
		<name>USE_CARD_OPEN_VIP3</name>
		<desc>恭喜获得3天VIP体验时间，快去感受VIP超值特权吧！~</desc>
		<function>null</function>
	</node>
	<node id = '182'>
		<type>1</type>
		<name>USE_CARD_OPEN_VIP15</name>
		<desc>恭喜获得15天VIP体验时间，快去感受VIP超值特权吧！~</desc>
		<function>null</function>
	</node>
	<node id = '183'>
		<type>1</type>
		<name>COPY_FACE_FAIL_2</name>
		<desc>您背包的【itemname】已达上限啦，表情复制卡使用失败</desc>
		<function>null</function>
	</node>
	<node id = '184'>
		<type>1</type>
		<name>COPY_FACE_SUCCESS</name>
		<desc>复制成功，获得【itemname】一个，已放入你的背包中</desc>
		<function>null</function>
	</node>
	<node id = '185'>
		<type>1</type>
		<name>COPY_FACE_FAIL_3</name>
		<desc>表情转换仪中的表情无法复制哦~</desc>
		<function>null</function>
	</node>
	<node id = '186'>
		<type>1</type>
		<name>SHUTTLE_ENERGY_FULL</name>
		<desc>亲爱的小卡布，你的时空能量已经满了！快去活动乐园，用时空能量启动时空穿梭仪捕捉绝版妖怪吧！</desc>
		<function>null</function>
	</node>
	<node id = '187'>
		<type>1</type>
		<name>ITEM_DEADLINE_NOTIFY</name>
		<desc>你身上的【itemname】已过期</desc>
		<function>null</function>
	</node>
	<node id = '188'>
		<type>1</type>
		<name>ITEM_WILL_DEADLINE_NOTIFY</name>
		<desc>你的【itemname】即将过期</desc>
		<function>null</function>
	</node>
	<node id = '189'>
		<type>1</type>
		<name>TRANSFORM_MSG</name>
		<desc>由于小卡布没有等到化形时间结束提前下线或切换服务器，你的妖怪化形失败。精魄已放入你的背包，请重新化形~~</desc>
		<function>null</function>
	</node>
	<node id = '190'>
		<type>1</type>
		<name>ITEM_USE_SUCCESS</name>
		<desc>【itemname】使用成功</desc>
		<function>null</function>
	</node>
	<node id = '191'>
		<type>1</type>
		<name>PLAYER_NOTIME</name>
		<desc>游戏时间到了，小卡布的体力开始下降，今天不能在社区里继续游戏了，好好休息补充体力，明天再见咯！o(╯□╰)o
</desc>
		<function>null</function>
	</node>
	<node id = '192'>
		<type>1</type>
		<name>TOMORROW_DEADLINE</name>
		<desc>你背包中的【itemname】明天将会过期，请及时使用哦！</desc>
		<function>null</function>
	</node>
	<node id = '193'>
		<type>1</type>
		<name>SUPER_WARM1</name>
		<desc>该妖怪正在超进化，不能驻所庄园^-^</desc>
		<function>null</function>
	</node>
	<node id = '194'>
		<type>1</type>
		<name>SUPER_WARM2</name>
		<desc>该妖怪正在超进化，不能到家园训练^-^</desc>
		<function>null</function>
	</node>
	<node id = '195'>
		<type>1</type>
		<name>SPIRIT_FULL</name>
		<desc>你的妖怪仓库已经满了哦，没办法获取该妖怪了，请放生几只！~</desc>
		<function>null</function>
	</node>
	<node id = '196'>
		<type>1</type>
		<name>ADD_STAUDY_1</name>
		<desc>修为为0，使用失败！</desc>
		<function>null</function>
	</node>
	<node id = '197'>
		<type>1</type>
		<name>ADD_STAUDY_2</name>
		<desc>修为为255，使用失败！</desc>
		<function>null</function>
	</node>
	<node id = '198'>
		<type>1</type>
		<name>ADD_STAUDY_3</name>
		<desc>修为总和满510，使用失败！</desc>
		<function>null</function>
	</node>
	<node id = '199'>
		<type>1</type>
		<name>CHICKEN_COIN</name>
		<desc>获得生肖金币1个</desc>
		<function>null</function>
	</node>
	<node id = '200'>
		<type>1</type>
		<name>PLAYER_REST_HINT</name>
		<desc>今天你已经在西游世界冒险很久了哦，休息休息，养好精神明天再来战斗吧O(∩_∩)O~</desc>
		<function>null</function>
	</node>
	<node id = '201'>
		<type>1</type>
		<name>HAS_GET_ALL_MOONCAKE_AWARD</name>
		<desc>吃太多月饼会消化不良的哟~留到活动结束，喂给妖怪们吃吧O(∩_∩)O</desc>
		<function>null</function>
	</node>
	<node id = '202'>
		<type>1</type>
		<name>MZWK_IS_FULL</name>
		<desc>背包中的冰翼外框满了</desc>
		<function>null</function>
	</node>
	<node id = '203'>
		<type>1</type>
		<name>XSD_IS_FULL</name>
		<desc>背包中的洗髓丹满了</desc>
		<function>null</function>
	</node>
	<node id = '204'>
		<type>1</type>
		<name>STAR_OVERDUE_RECYCLE</name>
		<desc>明星成员外框已到期收回</desc>
		<function>null</function>
	</node>
	<node id = '205'>
		<type>1</type>
		<name>STAR_BESTAR</name>
		<desc>亲爱的小卡布，恭喜你成为本月论坛明星成员，快到邮箱里去领取你的明星专属奖励吧！</desc>
		<function>null</function>
	</node>
	<node id = '206'>
		<type>1</type>
		<name>STAR_OVERDUE_SUIT</name>
		<desc>你已经不是明星了，不能获得邮件里的明星套装！</desc>
		<function>null</function>
	</node>
	<node id = '207'>
		<type>1</type>
		<name>STAR_ABOLISH</name>
		<desc>你已经被革除明星资格，回收本期明星套装和外框！</desc>
		<function>null</function>
	</node>
	<node id = '208'>
		<type>1</type>
		<name>STAR_DAY2</name>
		<desc>明星套装还差 2 天到期，快去竞选下一期明星吧！</desc>
		<function>null</function>
	</node>
	<node id = '209'>
		<type>1</type>
		<name>STAR_DAY1</name>
		<desc>明星套装还差 1 天到期，快去竞选下一期明星吧！</desc>
		<function>null</function>
	</node>
	<node id = '210'>
		<type>1</type>
		<name>STAR_DAY0</name>
		<desc>明星套装今天就到期啦，快去竞选下一期明星吧！</desc>
		<function>null</function>
	</node>
	<node id = '215'>
		<type>1</type>
		<name>FORTUNE_ALERT</name>
		<desc>恭喜你获得一颗福气珠!</desc>
		<function>null</function>
	</node>
	<node id = '216'>
		<type>1</type>
		<name>GET_MONSTER</name>
		<desc>你忘记领取5月1日签到的妖怪啦！我们已经帮你领取了，快去背包或者妖怪仓库查看吧！</desc>
		<function>null</function>
	</node>
	<node id = '217'>
		<type>1</type>
		<name>LOGIN_GET_MONSTER</name>
		<desc>你的背包已满，请放生部分妖怪后重新登陆并领取签到妖怪哦！</desc>
		<function>null</function>
	</node>
	<node id = '218'>
		<type>1</type>
		<name>BOSS_SPIRIT_FULL</name>
		<desc>妖怪仓库已经满啦~先去放生妖怪再来挑战吧~</desc>
		<function>null</function>
	</node>
	<node id = '219'>
		<type>1</type>
		<name>getkabucoin</name>
		<desc>恭喜您获得10卡布币！</desc>
		<function>null</function>
	</node>
	<node id = '220'>
		<type>1</type>
		<name>kabubi</name>
		<desc>恭喜您获得20卡布币！</desc>
		<function>null</function>
	</node>
	<node id = '221'>
		<type>1</type>
		<name>HOLYPOINT100</name>
		<desc>获得战功100</desc>
		<function>null</function>
	</node>
	<node id = '222'>
		<type>1</type>
		<name>HOLYPOINT180</name>
		<desc>获得战功180</desc>
		<function>null</function>
	</node>
	<node id = '223'>
		<type>1</type>
		<name>MEDAL_AWARD_35</name>
		<desc>恭喜获得勋章35个</desc>
		<function>null</function>
	</node>
	<node id = '224'>
		<type>1</type>
		<name>MEDAL_AWARD_25</name>
		<desc>恭喜获得勋章25个</desc>
		<function>null</function>
	</node>
	<node id = '225'>
		<type>1</type>
		<name>MEDAL_AWARD_20</name>
		<desc>恭喜获得勋章20个</desc>
		<function>null</function>
	</node>
	<node id = '226'>
		<type>1</type>
		<name>MEDAL_AWARD_15</name>
		<desc>恭喜获得勋章15个</desc>
		<function>null</function>
	</node>
	<node id = '227'>
		<type>1</type>
		<name>MEDAL_AWARD_10</name>
		<desc>恭喜获得勋章10个</desc>
		<function>null</function>
	</node>
	<node id = '228'>
		<type>1</type>
		<name>yunleicheng</name>
		<desc>通道已被破坏，无法进入！</desc>
		<function>null</function>
	</node>
	<node id = '229'>
		<type>1</type>
		<name>32dianzanka</name>
		<desc>恭喜获得1张32点赞卡！</desc>
		<function>null</function>
	</node>
	<node id = '230'>
		<type>1</type>
		<name>yidianzanka</name>
		<desc>恭喜获得点赞卡*1</desc>
		<function>null</function>
	</node>
	<node id = '231'>
		<type>1</type>
		<name>erdianzanka</name>
		<desc>恭喜获得点赞卡*2</desc>
		<function>null</function>
	</node>
	<node id = '232'>
		<type>1</type>
		<name>sandianzanka</name>
		<desc>恭喜获得点赞卡*3</desc>
		<function>null</function>
	</node>
	<node id = '233'>
		<type>1</type>
		<name>sidianzanka</name>
		<desc>恭喜获得点赞卡*4</desc>
		<function>null</function>
	</node>
	<node id = '889'>
		<type>1</type>
		<name></name>
		<desc>你的2017年超级VIP已经过期,欢迎再次开通,享受年费超级VIP的特权</desc>
		<function>null</function>
	</node>
	<node id = '890'>
		<type>1</type>
		<name></name>
		<desc>恭喜！你已经成为卡布西游的2017年年费超级VIP啦！</desc>
		<function>null</function>
	</node>
	<node id = '891'>
		<type>1</type>
		<name></name>
		<desc>哇塞！终于遇到神秘boss啦，打败它就可以获得它的精魄哦！</desc>
		<function>null</function>
	</node>
	<node id = '892'>
		<type>1</type>
		<name></name>
		<desc>恭喜！打败抗古守护者获得了80点贡献值！</desc>
		<function>null</function>
	</node>
	<node id = '893'>
		<type>1</type>
		<name></name>
		<desc>恭喜！打败终古守护者额外获得了50点贡献值！</desc>
		<function>null</function>
	</node>
	<node id = '895'>
		<type>1</type>
		<name></name>
		<desc>恭喜！打败远古毁灭者额外获得了50点家族贡献值！</desc>
		<function>null</function>
	</node>
	<node id = '896'>
		<type>1</type>
		<name></name>
		<desc>你已闯入远古毁灭者布下的阵法，在当前场景战斗将会出现负面状态。</desc>
		<function>null</function>
	</node>
	<node id = '897'>
		<type>1</type>
		<name></name>
		<desc>囧！没有可战斗妖怪，被强制送回起点。</desc>
		<function>null</function>
	</node>
	<node id = '898'>
		<type>1</type>
		<name></name>
		<desc>战斗失败，被强制送回起点。</desc>
		<function>null</function>
	</node>
	<node id = '899'>
		<type>1</type>
		<name></name>
		<desc>警告！由于你使用了非法第三方软件，已被叮叮博士列入监视名单，如若继续使用将会被永久封号处理！</desc>
		<function>null</function>
	</node>
	<node id = '900'>
		<type>1</type>
		<name></name>
		<desc>玄塔已经探索完成，请明天再来吧！</desc>
		<function>null</function>
	</node>
	<node id = '901'>
		<type>1</type>
		<name></name>
		<desc>囧，当前已在最高层，无法进入下一层。</desc>
		<function>null</function>
	</node>
	<node id = '902'>
		<type>1</type>
		<name></name>
		<desc>囧，当天购买的普通骰子已经达到上限了。</desc>
		<function>null</function>
	</node>
	<node id = '903'>
		<type>1</type>
		<name></name>
		<desc>存储的骰子已经达到上限啦！请及时使用！</desc>
		<function>null</function>
	</node>
</root>