<maps>
	<country id="10" name="月光号">
	<content></content>
		<countryname>月光号</countryname>
		<hard></hard>
		<level></level>
		<monsters></monsters>
		<source></source>
		<service>新手试炼副本、超进化仪</service>
		<scenes><![CDATA[<font color="#FF0000">超时空舱</font>]]>、VIP贵宾室、时空乐园、驾驶舱、能源转换舱、宠物房、妖怪培育舱、资源舱、炫光城、炫光家具城、炫舞厅、娱乐城、电影院、拍卖厅、研究院、军事厅、指挥中心、卡布出版社、档案室、兑奖大厅、卡布教室</scenes>
		<game>时空隧道拯救队、妖怪分辨测试</game>
	</country>
	<country id="20" name="大唐">
	<content>繁荣昌盛的大唐是这块大陆最大的国家。唐太宗李世民治国有道，百姓安居乐业，一派天朝大国的风范。长安城是大唐的首都，也是当前大陆上最繁华的一座城池。</content>
		<countryname>大唐</countryname>
		<hard>★</hard>
		<level>1-24</level>
		<monsters>星草、向阳种子、布丁、泡泡鱼、长耳奔、小火猴、瞌睡猪、鹰雏、飞鸟小卒、长啾崽、毛笔童子</monsters>
		<source>千年红木、天地灵气、神明果</source>
		<scenes><![CDATA[<font color="#FF0000">双叉岭</font>]]>、五指山、五指山顶、长安城、皇宫、炼丹阁、长安郊外、逍遥仙境</scenes>
		<game></game>
	</country>
	<country id="21" name="大唐边境">
	<content>前有蛇盘山，中有黑风山，后有高老庄，大唐边境是介于大唐与乌斯藏国的中间的几处风景优美的地段，这里绿树成荫，风和日丽，鸟语花香。</content>
		<countryname>大唐边境</countryname>
		<hard>★</hard>
		<level>5-47</level>
		<monsters>水心、小草球、小田鼠、黑长虫、冥球怪、荆棘猪、小邪龟、刺球猬、泡泡鳄、碧眼狸猫、拨弦仙子、火苗猪</monsters>
		<source>幻影石</source>
		<scenes><![CDATA[<font color="#FF0000">蛇盘山</font>]]>、黑风山、云栈洞、高老庄</scenes>
		<game>围堵水鹤、抢盐大作战、深度掘宝</game>
	</country>
	<country id="30" name="乌斯藏国">
	<content>乌斯藏国占据西部重要地段，长年黄沙弥漫，烈日当空，西域风情浓郁，这里偶尔会有战争，但是百姓仍然过的幸福安乐。</content>
		<countryname>乌斯藏国</countryname>
		<hard>★★</hard>
		<level>4-54</level>
		<monsters>火炎、铛铛、白长虫、浮空兽、雪煞狼、宝宝羊、青毛幼狼、小鱼妖、小圆镜、凌夜飞鹰、万毒蜥王</monsters>
		<source>冰霜岩、冰晶砂</source>
		<service>白骨洞穴</service>
		<scenes><![CDATA[<font color="#FF0000">黄风岭</font>]]>、流沙河、白骨山、乌斯藏国国都、骊山、白骨洞</scenes>
		<game></game>
	</country>
	<country id="40" name="宝象国">
	<content>大象是宝象国的吉祥物，在这个边陲小国有个铁打的规矩，如果有人敢捕杀大象，那么他将与整个宝象国为敌，这里的人民非常纯朴，热爱生活。</content>
		<countryname>宝象国</countryname>
		<hard>★★</hard>
		<level>8-32</level>
		<monsters>黑长虫、绿幽泥、蓝小牛、黑甲蛹、金毛鼠、含火兽</monsters>
		<source>远古青松、上清宝玉</source>
		<scenes><![CDATA[<font color="#FF0000">黑松林</font>]]>、平顶山、宝象国国都</scenes>
		<game></game>
	</country>
	<country id="50" name="乌鸡国">
	<content>乌鸡国与宝象国相反，因为这个国家出产大量的乌鸡，从而获得了乌鸡国的美誉，乌鸡也成了这个国家居民饭桌上的家常菜。</content>
		<countryname>乌鸡国</countryname>
		<hard>★★★</hard>
		<level>15-32</level>
		<monsters>乐球鼠、铛铛、黑水滴、黑水魂、道狸、蓝豚</monsters>
		<source>松绿石</source>
		<service>千回岛</service>
		<scenes><![CDATA[<font color="#FF0000">枯松涧</font>]]>、黑水河、乌鸡国国都</scenes>
		<game></game>
	</country>
	<country id="60" name="车迟国">
	<content>这是个奇怪的小国家，原本在这里和尚是最低等的人，道士却与和尚相反，被国王奉为上宾，这个现象自从唐僧师徒路过此地之后得到了极大的改善。</content>
		<countryname>车迟国</countryname>
		<hard>★★</hard>
		<level>12-26</level>
		<monsters>咚咚、敲敲咚、水魂、大力铛、绿瓣草、小草菇、小鼓手、小巫兽</monsters>
		<source>天罡石、天地灵气、神明果</source>
		<service>双台谷</service>
		<scenes><![CDATA[<font color="#FF0000">车迟山</font>]]>、通天河、金兜山、车迟国都、三清殿</scenes>
		<game></game>
	</country>
	<country id="70" name="女儿国">
	<content>被誉为“神秘的东方女儿国”、“人类母系氏族领地的活化石” 的女儿国，湖光山色如诗如画，如梦如幻，这个神奇的国家没有男儿，听说她们繁衍后代都是喝了子母河的河水。</content>
		<countryname>女儿国</countryname>
		<hard>★★★</hard>
		<level>15-47</level>
		<monsters>小邪龟、魔邪龟、绿叶、太阳花、吞噬草、狱魔蝎</monsters>
		<source>茅山玉</source>
		<service>刑天之门、帝江之门、白泽之门、斩月之门、庆典之门</service>
		<scenes><![CDATA[<font color="#FF0000">子母河</font>]]>、毒敌山、女儿国国都、伏魔殿</scenes>
		<game></game>
	</country>
	<country id="80" name="火焰山">
	<content>传说火焰山之所以一年四季酷热难耐是拜孙悟空所赐，当年孙悟空仓卒之间，一脚蹬倒了太上老君炼丹的八卦炉，有几块火炭，从天而降，就形成了火焰山。</content>
		<countryname>火焰山</countryname>
		<hard>★★★★</hard>
		<level>13-52</level>
		<monsters>布丁、山布、火炎、爆炎、长耳奔、大脚奔、狂火兽、铁锥穿山甲、熔岩巨龟</monsters>
		<source>火云岩</source>
		<service>火焰试炼、风暴试炼、火风试炼</service>
		<scenes><![CDATA[<font color="#FF0000">火焰山入口</font>]]>、烈焰峡谷、炎阳之地、风焰神殿</scenes>
		<game>火焰山危机</game>
	</country>
	<country id="90" name="祭赛国">
	<content>这个国家有一座金光寺，寺里的宝塔上有一颗宝珠，祥云笼罩，瑞霭高升，夜放霞光。周围国家均因祭赛国有此宝而视此国为天府神京。</content>
		<countryname>祭赛国</countryname>
		<hard>★★★★</hard>
		<level>18-52</level>
		<monsters>白菱蛹、白翼凤蝶、浮空妖、浮空妖王、大田鼠、利爪田鼠、天惊印、啸月魔狼、雪猿王、魔影蛇、香坛宝</monsters>
		<source>精蓝石、朱砂石、青金石</source>
		<service>七绝密林</service>
		<scenes><![CDATA[<font color="#FF0000">乱石山</font>]]>、荆棘岭、七绝山、祭赛国国都、碧波潭</scenes>
		<game></game>
	</country>
	<country id="100" name="朱紫国">
	<content>门楼高耸，垛迭齐排。周围活水通流，南北高山相对。六街三市货资多，万户千家生意盛。果然是个帝王都会处，天府大京城。</content>
		<countryname>朱紫国</countryname>
		<hard>★★★★</hard>
		<level>32-52</level>
		<monsters>力神铛、封球鼠、黑翅飞蛾、穿山布、巨拳豹精、飞叶兽、妖镰王、炫摆蜻栾、巨翅猛毒禽、烈云雏</monsters>
		<source></source>
		<service>盘丝洞</service>
		<scenes><![CDATA[<font color="#FF0000">麒麟山</font>]]>、盘丝岭、蜈蚣岭、獬豸(xiè zhì)洞、朱紫国国都</scenes>
		<game></game>
	</country>
	<country id="110" name="演武场">
	<content></content>
		<countryname>演武场</countryname>
		<hard>★★</hard>
		<level>18-27</level>
		<monsters>小崩仔、小黄猴、卷眉菜侠</monsters>
		<source></source>
		<service>擂台、大乱斗、万妖洞</service>
		<scenes><![CDATA[<font color="#FF0000">演武场</font>]]>、花果山、水帘洞、碧水洞天</scenes>
		<game></game>
	</country>
	<country id="120" name="东海">
	<content>东海龙王管辖的海域，当年孙悟空为取得东海镇海之宝定海神针，大闹龙宫，从此揭开东海的神秘面纱。</content>
		<countryname>东海</countryname>
		<hard>★★★★</hard>
		<level>10-58</level>
		<monsters>大钳蟹、滑滑龟、月水母、幽游水母、孔雀鱼、水龙鱼、大头虾、独角鳞蛟、小浮翼、霄皇魔、避尘圣手、幻彩鱼王</monsters>
		<source>神明果</source>
		<scenes><![CDATA[<font color="#FF0000">傲来海岸</font>]]>、东海、珊瑚礁、深海裂谷、龙宫</scenes>
		<game>傲来渔场、孔雀鱼觅食记</game>
	</country>
	<country id="130" name="狮驼国">
	<content>狮驼国原本是一个安宁的小国家， 500年前来了一个雕头人身的妖怪，他吃了这狮驼城的国王及文武官僚，满城大小男女也尽被他吃干净了，如今这里都是些妖怪。</content>
		<countryname>狮驼国</countryname>
		<hard>★★★★★</hard>
		<level>50-60</level>
		<monsters>巨棒熊妖、断尾巨蜥、阳焰鸡王、飞翼狂蛟、逍火长者、剧毒蜂王、乱刃魔蝎 、雷电鼠、霹雳豹、暴走牙、轰雷大将、刺牙星、雷鸣虫、雷云鸟</monsters>
		<source></source>
		<service>火炬神殿、全民boss战</service>
		<scenes><![CDATA[<font color="#FF0000">狮驼岭</font>]]>、狮驼国国都、云雷墟、狮驼洞、后洞、云雷城</scenes>
		<game></game>
	</country>
	<country id="140" name="南海紫竹林">
	<content>自封神战役之后，众神归位，天庭成立，玉皇大帝执政于凌霄宝殿，掌三界六道众生相，天界众神仙等级分明，一切规则、秩序进行的井井有条。</content>
		<countryname>南海紫竹林</countryname>
		<hard>★★</hard>
		<level>3-59</level>
		<monsters>熊猫宝宝、小雨燕、飞天疾风狮、小竹笛</monsters>
		<source></source>
		<scenes><![CDATA[<font color="#FF0000">南海紫竹林</font>]]>、南天门、云野</scenes>
		<game></game>
	</country>
	<country id="150" name="北俱芦洲">
	<content>佛教传说中四大部洲之一，由四大天王之一的多闻天王持国守卫。“地方高大，定寿千岁，无诸苦，常受乐，胜馀洲，故名高胜”——《阿毘昙论》</content>
		<countryname>北俱芦洲</countryname>
		<hard>★★★</hard>
		<level>32-47</level>
		<monsters>玉子饭团、雷虎王、飞贝球、水星奇贝、冰齿兽、青竹怪</monsters>
		<source></source>
		<service>天神界、地魂界、锁妖塔、伏龙窟、敬佛堂</service>
		<scenes><![CDATA[<font color="#FF0000">晨暮冰川</font>]]>、太古神境、寒冰谷、独龙崖</scenes>
		<game></game>
	</country>
	<country id="160" name="地府">
	<content>这里是阎罗王管辖的地方，他刚正不柯，将地府治理得井井有条，所有的人在此处都会受到公正的审判。</content>
		<countryname>地府</countryname>
		<hard>★★★★</hard>
		<level>8-50</level>
		<monsters>草菇仔、雨蛙儿、炫火宫灯、斩水河马、焰火女尊、巨舌蝙蝠、移影白衣、金扇神童、银甲红烛、福袋娃、蓝梦冰蝶</monsters>
		<source></source>
		<scenes><![CDATA[<font color="#FF0000">鬼门关</font>]]>、黄泉路、忘川河、阎王殿、内殿</scenes>
		<game></game>
	</country>
	<country id="170" name="封神岛">
	<content>暂无</content>
		<countryname>封神岛</countryname>
		<hard>★★</hard>
		<level>10-40</level>
		<monsters>小鱼将，小刀客</monsters>
		<source></source>
		<service>封神之战</service>
		<scenes><![CDATA[<font color="#FF0000">封神岭</font>]]>、锁灵谷、超能幻境、星空堡垒、神木林</scenes>
		<game></game>
	</country>
	<country id="1" name="隐藏头像">
	<content></content>
		<countryname>隐藏头像</countryname>
		<hard></hard>
		<level></level>
		<monsters></monsters>
		<source></source>
		<scenes></scenes>
		<game></game>
	</country>
	<country id="180" name="活动乐园">
	<content></content>
		<countryname>活动乐园</countryname>
		<hard>★★</hard>
		<level>20-30</level>
		<monsters></monsters>
		<source></source>
		<service>暑期摇摇乐、海底激战赢绝版、恶灵狙击赢绝版、玄塔觅宝、仙踪之门、游戏乐园</service>
		<scenes></scenes>
		<game></game>
		<enterScene>18001</enterScene>
	</country>
	<country id="190" name="比丘国">
	<content>比丘国地处高原之上，风俗为剪发画眉、穿耳，把头发挽成象角一样的筒状，缓缓到达肩部的为姣好的装饰，多学习经商的技巧。比丘国人以一幅布遮蔽身体，每天都要洗浴数次。喜好博弈游戏，精通推步历数。</content>
		<countryname>比丘国</countryname>
		<hard>★★★★</hard>
		<level>10-60</level>
		<monsters>彩彩鹿、毒刃小卒、迅影兽、小飞仙、小羽灵、霜雪象、爪爪狼、松鼠球</monsters>
		<source></source>
		<service>星魂洞穴</service>
		<scenes>比丘国国都、金殿、柳林坡、陷空山、圣光神庙、镇海寺、清华洞、无底洞、天王山</scenes>
		<game></game>
	</country>
	<country id="210" name="灭法国">
	<content>灭法国国王前生那世里接下冤仇，今世里无端造罪。二年前许下一个罗天大愿，要杀一万个和尚！</content>
		<countryname>灭法国</countryname>
		<hard>★★★★</hard>
		<level>6-90</level>
		<monsters>小锤女、锤鱼兵、叶子粽、乐童、福娃娃、百毒蜥、暗灵武士、海狮子、乖稚兽、夜月兽</monsters>
		<source></source>
		<service>龙腾盛会</service>
		<scenes>灭法国国都、宫殿、凤仙郡、蓬莱镇、隐雾山、隐雾山崖底、折岳连环洞、达摩遗址</scenes>
		<game></game>
	</country>
<scenes id="-1" name="所有场景">
	<scene id = "901" name="普通舱（1）">
	<havecountry>1</havecountry>
	<countryid>1</countryid>
	<type>0</type>
	<horseTips>2</horseTips>
</scene>
	<scene id = "902" name="普通舱（2）">
	<havecountry>1</havecountry>
	<countryid>1</countryid>
	<type>0</type>
</scene>
	<scene id = "903" name="普通舱（3）">
	<havecountry>1</havecountry>
	<countryid>1</countryid>
	<type>0</type>
</scene>
	<scene id = "904" name="普通舱（4）">
	<havecountry>0</havecountry>
	<countryid>1</countryid>
	<mapopen>0</mapopen>
	<type>0</type>
	<horseTips>128</horseTips>
</scene>
	<scene id = "1001" name="时光穿梭机">
	<havecountry>1</havecountry>
	<countryid>1</countryid>
	<type>0</type>
	<horseTips>256</horseTips>
</scene>
	<scene id = "1002" name="家园">
	<havecountry>0</havecountry>
	<countryid>1</countryid>
	<type>1</type>
	<horseTips>256</horseTips>
</scene>
	<scene id = "1003" name="驾驶舱">
	<havecountry>1</havecountry>
	<countryid>10</countryid>
	<type>0</type>
	<horseTips>256</horseTips>
	<npcs>阳光机长、机舱小助手</npcs>
	<service>成就排行榜</service>
	<game>时空隧道拯救队</game>
</scene>
	<scene id = "1004" name="超时空舱">
	<havecountry>1</havecountry>
	<countryid>10</countryid>
	<type>0</type>
	<horseTips>256</horseTips>
	<npcs>监控员亚塞、机舱小助手</npcs>
	<service>找伙伴、飞船指引、周末大礼包</service>
</scene>
	<scene id = "1005" name="宠物房">
	<havecountry>1</havecountry>
	<countryid>10</countryid>
	<type>0</type>
	<horseTips>256</horseTips>
	<npcs>胖墩博士、机舱小助手</npcs>
	<service>补给库、技能转换、神兽园商店、妖怪鉴定</service>
	<game>妖怪分辨测试</game>
</scene>
	<scene id = "1006" name="资源舱">
	<havecountry>1</havecountry>
	<countryid>10</countryid>
	<type>0</type>
	<horseTips>256</horseTips>
	<npcs>菲菲姐姐、机舱小助手</npcs>
	<service>探索资源库、物资回收仪</service>
</scene>
	<scene id = "1007" name="炫光城">
	<havecountry>1</havecountry>
	<countryid>10</countryid>
	<type>0</type>
	<horseTips>256</horseTips>
	<npcs>店长美佳、番茄姐姐、颁奖大使双儿、机舱小助手</npcs>
	<service>表情转换仪、装扮手册</service>
</scene>
	<scene id = "1008" name="研究院">
	<havecountry>1</havecountry>
	<countryid>10</countryid>
	<type>0</type>
	<horseTips>256</horseTips>
	<npcs>叮叮博士、机舱小助手</npcs>
	<service>超进化仪、新手伙伴大集结</service>
</scene>
	<scene id = "1009" name="军事厅">
	<havecountry>1</havecountry>
	<countryid>10</countryid>
	<type>0</type>
	<horseTips>256</horseTips>
	<npcs>司令员洛特、机舱小助手</npcs>
	<service>新手的试炼、创立家族、家族排行榜、妖怪特训仪</service>
</scene>
	<scene id = "1010" name="档案室">
	<havecountry>1</havecountry>
	<countryid>10</countryid>
	<type>0</type>
	<horseTips>256</horseTips>
	<npcs>管理员贝拉、伊尔、机舱小助手</npcs>
	<service>疯狂档案室、障碍赛跑</service>
</scene>
	<scene id = "1011" name="能源转换舱">
	<havecountry>1</havecountry>
	<countryid>10</countryid>
	<type>0</type>
	<horseTips>256</horseTips>
	<npcs>研究员马达、机舱小助手</npcs>
	<service>能源转换仪</service>
</scene>
	<scene id = "1012" name="娱乐城">
	<havecountry>1</havecountry>
	<countryid>10</countryid>
	<type>0</type>
	<horseTips>256</horseTips>
	<npcs>米娜</npcs>
	<service>摇奖机、娱乐币兑换、游戏乐园</service>
</scene>
	<scene id = "1013" name="神兽园">
	<havecountry>0</havecountry>
	<countryid>1</countryid>
	<type>3</type>
	<horseTips>256</horseTips>
</scene>
	<scene id = "1014" name="家族外景">
	<havecountry>0</havecountry>
	<countryid>1</countryid>
	<type>4</type>
</scene>
	<scene id = "1015" name="家族大厅">
	<havecountry>0</havecountry>
	<countryid>1</countryid>
	<type>4</type>
</scene>
	<scene id = "1016" name="电影院">
	<havecountry>1</havecountry>
	<countryid>10</countryid>
	<type>0</type>
	<horseTips>256</horseTips>
	<service>卡布动漫影院</service>
</scene>
	<scene id = "1017" name="卡布教室">
	<havecountry>1</havecountry>
	<countryid>10</countryid>
	<type>0</type>
	<horseTips>256</horseTips>
	<npcs>露露老师</npcs>
	<service>知识小天地、快乐学习</service>
</scene>
	<scene id = "1018" name="卡布庄园 ">
	<havecountry>0</havecountry>
	<countryid>1</countryid>
	<type>3</type>
	<horseTips>256</horseTips>
</scene>
	<scene id = "1019" name="疯狂档案室(1)">
	<havecountry>0</havecountry>
	<countryid>1</countryid>
	<type>0</type>
</scene>
	<scene id = "1020" name="疯狂档案室(2)">
	<havecountry>0</havecountry>
	<countryid>1</countryid>
	<type>0</type>
</scene>
	<scene id = "1021" name="疯狂档案室(3)">
	<havecountry>0</havecountry>
	<countryid>1</countryid>
	<type>0</type>
</scene>
	<scene id = "1022" name="卡布出版社">
	<havecountry>1</havecountry>
	<countryid>10</countryid>
	<type>0</type>
	<horseTips>256</horseTips>
	<npcs>尼克</npcs>
	<service>明星成员投票、卡布作品集、投稿栏</service>
</scene>
	<scene id = "1023" name="后花园">
	<havecountry>0</havecountry>
	<countryid>1</countryid>
	<type>1</type>
</scene>
	<scene id = "1024" name="家园小屋">
	<havecountry>0</havecountry>
	<countryid>1</countryid>
	<type>1</type>
</scene>
	<scene id = "1025" name="炫光家具城">
	<havecountry>1</havecountry>
	<countryid>10</countryid>
	<type>0</type>
	<horseTips>256</horseTips>
	<npcs>安妮</npcs>
	<service>精品家居杂志</service>
</scene>
	<scene id = "1026" name="VIP贵宾室">
	<havecountry>1</havecountry>
	<countryid>10</countryid>
	<type>0</type>
	<horseTips>256</horseTips>
	<npcs>千惠</npcs>
	<service>卡布币兑换VIP、VIP特权画报、VIP商店</service>
</scene>
	<scene id = "1027" name="时空乐园">
	<havecountry>1</havecountry>
	<countryid>10</countryid>
	<vip>1</vip>
	<notopentip>你要先成为VIP才可以进入哦</notopentip>
	<type>0</type>
	<horseTips>256</horseTips>
	<hard>★</hard>
	<level>5-7</level>
	<monsters>魔童</monsters>
</scene>
	<scene id = "1028" name="炫舞厅">
	<havecountry>1</havecountry>
	<countryid>10</countryid>
	<type>0</type>
	<horseTips>256</horseTips>
	<service>跳舞大赛</service>
</scene>
	<scene id = "1029" name="指挥中心">
	<havecountry>1</havecountry>
	<countryid>10</countryid>
	<type>0</type>
	<horseTips>256</horseTips>
	<npcs>巴顿将军、劳拉上校</npcs>
	<service>藏龙渊战场、苍炼战场、王座战争、战场奖励兑换、模型珍藏</service>
</scene>
	<scene id = "1030" name="妖怪培育舱">
	<havecountry>1</havecountry>
	<countryid>10</countryid>
	<type>0</type>
	<horseTips>256</horseTips>
	<npcs>机舱小助手</npcs>
	<service>妖怪化形仪、妖怪培育仪</service>
</scene>
	<scene id = "1031" name="兑奖大厅">
	<havecountry>1</havecountry>
	<countryid>10</countryid>
	<type>0</type>
	<horseTips>256</horseTips>
	<npcs>莎夏</npcs>
	<service>时空宝箱、卡牌大作战、卡布西游礼包奖励兑换</service>
</scene>
	<scene id = "1041" name="家族广场">
	<havecountry>0</havecountry>
	<countryid>1</countryid>
	<type>4</type>
	<horseTips>256</horseTips>
</scene>
	<scene id = "1042" name="家族广场">
	<havecountry>0</havecountry>
	<countryid>1</countryid>
	<type>4</type>
	<horseTips>256</horseTips>
</scene>
	<scene id = "1043" name="家族广场">
	<havecountry>0</havecountry>
	<countryid>1</countryid>
	<type>4</type>
	<horseTips>256</horseTips>
</scene>
	<scene id = "1044" name="家族广场">
	<havecountry>0</havecountry>
	<countryid>1</countryid>
	<type>4</type>
	<horseTips>256</horseTips>
</scene>
	<scene id = "1051" name="家族大厅">
	<havecountry>0</havecountry>
	<countryid>1</countryid>
	<type>4</type>
	<horseTips>256</horseTips>
</scene>
	<scene id = "1052" name="家族大厅">
	<havecountry>0</havecountry>
	<countryid>1</countryid>
	<type>4</type>
	<horseTips>256</horseTips>
</scene>
	<scene id = "1053" name="家族大厅">
	<havecountry>0</havecountry>
	<countryid>1</countryid>
	<type>4</type>
	<horseTips>256</horseTips>
</scene>
	<scene id = "1054" name="家族大厅">
	<havecountry>0</havecountry>
	<countryid>1</countryid>
	<type>4</type>
	<horseTips>256</horseTips>
</scene>
	<scene id = "1055" name="家族农场">
	<havecountry>0</havecountry>
	<countryid>1</countryid>
	<type>4</type>
	<horseTips>256</horseTips>
</scene>
	<scene id = "2000" name="新手试炼">
	<havecountry>1</havecountry>
	<countryid>1</countryid>
	<type>2</type>
	<horseState>2</horseState>
	<horseTips>256</horseTips>
</scene>
	<scene id = "2001" name="长安城">
	<havecountry>1</havecountry>
	<countryid>20</countryid>
	<type>0</type>
	<horseTips>256</horseTips>
	<npcs>袁守诚、墨乾、尉迟恭</npcs>
	<service>皇榜任务、八卦灵盘</service>
</scene>
	<scene id = "2002" name="皇宫">
	<havecountry>1</havecountry>
	<countryid>20</countryid>
	<type>0</type>
	<horseTips>256</horseTips>
	<npcs>唐太宗</npcs>
</scene>
	<scene id = "2003" name="双叉岭">
	<havecountry>1</havecountry>
	<countryid>20</countryid>
	<type>0</type>
	<hard>★</hard>
	<level>1-6</level>
	<monsters>星草、向阳种子</monsters>
	<service>公告栏</service>
	<source>神明果</source>
</scene>
	<scene id = "2004" name="五指山">
	<havecountry>1</havecountry>
	<countryid>20</countryid>
	<type>0</type>
	<hard>★</hard>
	<level>2-6</level>
	<monsters>泡泡鱼、布丁</monsters>
	<source>千年红木</source>
</scene>
	<scene id = "2005" name="五指山顶">
	<havecountry>1</havecountry>
	<countryid>20</countryid>
	<type>0</type>
	<hard>★</hard>
	<level>3-5</level>
	<monsters>长耳奔、小火猴</monsters>
	<service>师徒石</service>
	<source>天地灵气</source>
</scene>
	<scene id = "2006" name="炼丹阁">
	<havecountry>1</havecountry>
	<countryid>20</countryid>
	<type>0</type>
	<horseTips>256</horseTips>
	<npcs>丹童、仙童</npcs>
	<service>炼丹炉、丹方学习、灵玉洗炼、灵玉分解</service>
</scene>
	<scene id = "2007" name="长安郊外">
	<havecountry>1</havecountry>
	<countryid>20</countryid>
	<notopentip>每天18点-21点开启哦</notopentip>
	<type>0</type>
	<hard>★</hard>
	<level>22-24</level>
	<monsters>长啾崽、毛笔童子</monsters>
</scene>
	<scene id = "2008" name="逍遥仙境">
	<havecountry>1</havecountry>
	<countryid>20</countryid>
	<type>0</type>
	<horseState>7</horseState>
	<horseTips>256</horseTips>
	<hard>★</hard>
	<level>6-8</level>
	<npcs>如意真仙</npcs>
	<monsters>鹰雏、飞鸟小卒</monsters>
</scene>
	<scene id = "2101" name="蛇盘山">
	<havecountry>1</havecountry>
	<countryid>21</countryid>
	<type>0</type>
	<hard>★</hard>
	<level>5-10</level>
	<monsters>水心、小草球、泡泡鳄</monsters>
	<source>幻影石</source>
	<game>抢盐大作战</game>
</scene>
	<scene id = "2102" name="黑风山">
	<havecountry>1</havecountry>
	<countryid>21</countryid>
	<type>0</type>
	<hard>★</hard>
	<level>3-10</level>
	<monsters>黑长虫、小田鼠、刺球猬</monsters>
</scene>
	<scene id = "2103" name="高老庄">
	<havecountry>1</havecountry>
	<countryid>21</countryid>
	<type>0</type>
	<hard>★</hard>
	<level>8-14</level>
	<npcs>高太公</npcs>
	<monsters>火苗猪、小邪龟、碧眼狸猫</monsters>
	<game>围堵水鹤</game>
</scene>
	<scene id = "2104" name="云栈洞">
	<havecountry>1</havecountry>
	<countryid>21</countryid>
	<notopentip>需要学会【魔晶射线】才可进入</notopentip>
	<magictype>1</magictype>
	<magicID>2</magicID>
	<type>0</type>
	<hard>★★</hard>
	<level>10-47</level>
	<monsters>荆棘猪、拨弦仙子、冥球怪</monsters>
	<game>深度挖宝</game>
</scene>
	<scene id = "3000" name="万妖洞">
	<havecountry>1</havecountry>
	<countryid>10</countryid>
	<type>2</type>
	<horseState>2</horseState>
	<horseTips>256</horseTips>
</scene>
	<scene id = "3001" name="乌斯藏国国都">
	<havecountry>1</havecountry>
	<countryid>30</countryid>
	<type>0</type>
	<npcs>墨坤</npcs>
</scene>
	<scene id = "3002" name="黄风岭">
	<havecountry>1</havecountry>
	<countryid>30</countryid>
	<type>0</type>
	<hard>★</hard>
	<level>10-18</level>
	<monsters>青毛幼狼、宝宝羊、火炎</monsters>
	<service>打工</service>
</scene>
	<scene id = "3003" name="流沙河">
	<havecountry>1</havecountry>
	<countryid>30</countryid>
	<type>0</type>
	<hard>★</hard>
	<level>4-20</level>
	<monsters>白长虫、小鱼妖、铛铛</monsters>
</scene>
	<scene id = "3004" name="白骨山">
	<havecountry>1</havecountry>
	<countryid>30</countryid>
	<type>0</type>
	<hard>★★</hard>
	<level>14-30</level>
	<monsters>雪狼、浮空兽、雪煞狼</monsters>
	<source>冰霜岩、冰晶砂</source>
	<game>西游祖玛</game>
</scene>
	<scene id = "3005" name="骊山">
	<havecountry>1</havecountry>
	<countryid>30</countryid>
	<vip>1</vip>
	<notopentip>你要先成为VIP才可以进入哦</notopentip>
	<type>0</type>
	<hard>★</hard>
	<level>17-19</level>
	<npcs>玉镜侍女</npcs>
	<monsters>小圆镜</monsters>
</scene>
	<scene id = "3006" name="白骨洞">
	<havecountry>1</havecountry>
	<countryid>30</countryid>
	<type>0</type>
	<hard>★★★★</hard>
	<level>51-54</level>
	<monsters>凌夜飞鹰、万毒蜥王</monsters>
	<service>白骨洞穴</service>
</scene>
	<scene id = "3007" name="白骨墓穴">
	<havecountry>1</havecountry>
	<countryid>1</countryid>
	<type>2</type>
</scene>
	<scene id = "3008" name="白骨墓穴(任务所用)">
	<havecountry>1</havecountry>
	<countryid></countryid>
	<type>0</type>
</scene>
	<scene id = "4000" name="双台谷">
	<havecountry>1</havecountry>
	<countryid>1</countryid>
	<type>2</type>
</scene>
	<scene id = "4001" name="宝象国国都">
	<havecountry>1</havecountry>
	<countryid>40</countryid>
	<type>0</type>
	<npcs>墨坎</npcs>
	<source>上清宝玉</source>
</scene>
	<scene id = "4002" name="黑松林">
	<havecountry>1</havecountry>
	<countryid>40</countryid>
	<type>0</type>
	<hard>★</hard>
	<level>8-16</level>
	<monsters>蓝小牛、绿幽泥、黑长虫</monsters>
	<source>远古青松</source>
</scene>
	<scene id = "4003" name="平顶山">
	<havecountry>1</havecountry>
	<countryid>40</countryid>
	<type>0</type>
	<hard>★★</hard>
	<level>16-32</level>
	<monsters>黑甲蛹、含火兽、金毛鼠</monsters>
</scene>
	<scene id = "5000" name="双台谷-藏宝层">
	<havecountry>1</havecountry>
	<countryid>1</countryid>
	<type>2</type>
</scene>
	<scene id = "5001" name="枯松涧">
	<havecountry>1</havecountry>
	<countryid>50</countryid>
	<type>0</type>
	<hard>★★</hard>
	<level>10-28</level>
	<monsters>铛铛、道狸、乐球鼠</monsters>
	<source>松绿石</source>
</scene>
	<scene id = "5002" name="乌鸡国国都">
	<havecountry>1</havecountry>
	<countryid>50</countryid>
	<type>0</type>
	<npcs>墨离</npcs>
</scene>
	<scene id = "5003" name="黑水河">
	<havecountry>1</havecountry>
	<countryid>50</countryid>
	<type>0</type>
	<horseState>2</horseState>
	<horseTips>256</horseTips>
	<hard>★★</hard>
	<level>12-32</level>
	<npcs>蓝豚</npcs>
	<monsters>黑水滴、黑水魂、蓝豚</monsters>
	<service>千回岛</service>
</scene>
	<scene id = "6001" name="车迟国国都">
	<havecountry>1</havecountry>
	<countryid>60</countryid>
	<type>0</type>
	<npcs>墨震、车迟国王</npcs>
</scene>
	<scene id = "6002" name="通天河">
	<havecountry>1</havecountry>
	<countryid>60</countryid>
	<type>0</type>
	<hard>★★</hard>
	<level>16-24</level>
	<npcs>垂钓的老人</npcs>
	<monsters>小巫兽、水魂、小草菇</monsters>
	<service>打工</service>
	<source>天地灵气、天罡石</source>
</scene>
	<scene id = "6003" name="金兜山">
	<havecountry>1</havecountry>
	<countryid>60</countryid>
	<type>0</type>
	<hard>★★</hard>
	<level>12-26</level>
	<monsters>大力铛、绿瓣草</monsters>
	<service>双台谷</service>
	<source>神明果</source>
</scene>
	<scene id = "6004" name="车迟山">
	<havecountry>1</havecountry>
	<countryid>60</countryid>
	<type>0</type>
	<hard>★★</hard>
	<level>14-22</level>
	<monsters>敲敲咚、咚咚、小鼓手</monsters>
</scene>
	<scene id = "6005" name="三清殿">
	<havecountry>1</havecountry>
	<countryid>60</countryid>
	<type>0</type>
	<horseTips>256</horseTips>
</scene>
	<scene id = "6006" name="苍炼山">
	<havecountry>1</havecountry>
	<countryid>1</countryid>
	<type>0</type>
</scene>
	<scene id = "6007" name="双台谷">
	<havecountry>1</havecountry>
	<countryid>1</countryid>
	<type>0</type>
</scene>
	<scene id = "7001" name="子母河">
	<havecountry>1</havecountry>
	<countryid>70</countryid>
	<type>0</type>
	<hard>★★</hard>
	<level>15-24</level>
	<monsters>小邪龟、魔邪龟、狱魔蝎</monsters>
	<source>茅山玉</source>
</scene>
	<scene id = "7002" name="女儿国国都">
	<havecountry>1</havecountry>
	<countryid>70</countryid>
	<type>0</type>
	<npcs>女儿国国王、墨艮</npcs>
</scene>
	<scene id = "7003" name="毒敌山">
	<havecountry>1</havecountry>
	<countryid>70</countryid>
	<type>0</type>
	<level>16-47</level>
	<monsters>绿叶、太阳花、吞噬草</monsters>
</scene>
	<scene id = "7004" name="伏魔殿">
	<havecountry>1</havecountry>
	<countryid>70</countryid>
	<type>0</type>
	<service>刑天之门、白泽之门、帝江之门、斩月之门、庆典之门</service>
</scene>
	<scene id = "7005" name="伏魔殿-刑天之门">
	<havecountry>1</havecountry>
	<countryid>1</countryid>
	<type>2</type>
</scene>
	<scene id = "7006" name="伏魔殿-帝江之门">
	<havecountry>1</havecountry>
	<countryid>1</countryid>
	<type>2</type>
</scene>
	<scene id = "7007" name="伏魔殿-白泽之门">
	<havecountry>1</havecountry>
	<countryid>1</countryid>
	<type>2</type>
</scene>
	<scene id = "7008" name="封魔殿-斩月之门">
	<havecountry>1</havecountry>
	<countryid>1</countryid>
	<type>2</type>
</scene>
	<scene id = "7009" name="庆典之门">
	<havecountry>0</havecountry>
	<countryid>1</countryid>
	<type>2</type>
	<horseTips>256</horseTips>
</scene>
	<scene id = "8001" name="火焰山入口">
	<havecountry>1</havecountry>
	<countryid>80</countryid>
	<type>0</type>
	<hard>★★★</hard>
	<level>13-38</level>
	<monsters>布丁、山布、铁锥穿山甲</monsters>
	<source>火云岩</source>
	<game>火焰山大冒险</game>
</scene>
	<scene id = "8002" name="烈焰峡谷">
	<havecountry>1</havecountry>
	<countryid>80</countryid>
	<type>0</type>
	<hard>★★★</hard>
	<level>13-46</level>
	<monsters>火炎、爆炎、熔岩巨龟</monsters>
</scene>
	<scene id = "8003" name="炎阳之地">
	<havecountry>1</havecountry>
	<countryid>80</countryid>
	<type>0</type>
	<hard>★★★★</hard>
	<level>15-52</level>
	<monsters>狂火兽、长耳奔、大脚奔</monsters>
	<game>火焰山危机</game>
</scene>
	<scene id = "8004" name="风焰神殿">
	<havecountry>1</havecountry>
	<countryid>80</countryid>
	<type>0</type>
	<horseTips>256</horseTips>
	<hard>★</hard>
	<level>5-7</level>
	<npcs>焚天战魂</npcs>
	<service>火焰试炼、风暴试炼、火风试炼</service>
</scene>
	<scene id = "9001" name="祭赛国国都">
	<havecountry>1</havecountry>
	<countryid>90</countryid>
	<type>0</type>
	<npcs>墨巽</npcs>
	<service>卡布许愿墙</service>
</scene>
	<scene id = "9002" name="乱石山">
	<havecountry>1</havecountry>
	<countryid>90</countryid>
	<type>0</type>
	<hard>★★★★</hard>
	<level>18-52</level>
	<monsters>白翼凤蝶、雪猿王、白菱蛹</monsters>
	<source>朱砂石、精蓝石、青金石</source>
</scene>
	<scene id = "9003" name="荆棘岭">
	<havecountry>1</havecountry>
	<countryid>90</countryid>
	<type>0</type>
	<hard>★★★★</hard>
	<level>18-52</level>
	<monsters>浮空妖王、浮空妖、天惊印</monsters>
</scene>
	<scene id = "9004" name="七绝山">
	<havecountry>1</havecountry>
	<countryid>90</countryid>
	<type>0</type>
	<hard>★★★★</hard>
	<level>19-52</level>
	<monsters>大田鼠、利爪田鼠、啸月魔狼</monsters>
	<service>七绝密林</service>
</scene>
	<scene id = "9005" name="七绝密林">
	<havecountry>1</havecountry>
	<countryid>1</countryid>
	<type>2</type>
</scene>
	<scene id = "9006" name="碧波潭">
	<havecountry>1</havecountry>
	<countryid>90</countryid>
	<type>0</type>
	<hard>★★★</hard>
	<level>16-23</level>
	<monsters>香坛宝、魔影蛇</monsters>
</scene>
	<scene id = "10001" name="朱紫国国都">
	<havecountry>1</havecountry>
	<countryid>100</countryid>
	<type>0</type>
	<npcs>墨兑</npcs>
</scene>
	<scene id = "10002" name="麒麟山">
	<havecountry>1</havecountry>
	<countryid>100</countryid>
	<type>0</type>
	<hard>★★★★</hard>
	<level>33-48</level>
	<monsters>力神铛、妖镰王、封球鼠</monsters>
	<service>盘丝洞</service>
</scene>
	<scene id = "10003" name="盘丝岭">
	<havecountry>1</havecountry>
	<countryid>100</countryid>
	<type>0</type>
	<hard>★★★★</hard>
	<level>44-52</level>
	<monsters>巨拳豹精、炫摆蜻栾、黑翅飞蛾</monsters>
</scene>
	<scene id = "10004" name="蜈蚣岭">
	<havecountry>1</havecountry>
	<countryid>100</countryid>
	<type>0</type>
	<hard>★★★★</hard>
	<level>47-52</level>
	<monsters>飞叶兽、穿山布、巨翅猛毒禽</monsters>
</scene>
	<scene id = "10005" name="盘丝洞">
	<havecountry>1</havecountry>
	<countryid>1</countryid>
	<type>2</type>
	<horseState>0</horseState>
	<horseTips>256</horseTips>
</scene>
	<scene id = "10006" name="獬豸(xièzhì)洞">
	<havecountry>1</havecountry>
	<countryid>100</countryid>
	<type>0</type>
	<hard>★</hard>
	<level>10-15</level>
	<monsters>烈云雏</monsters>
</scene>
	<scene id = "11000" name="狮驼国国都">
	<havecountry>1</havecountry>
	<countryid>130</countryid>
	<type>0</type>
	<hard>★★★★★</hard>
	<level>50-59</level>
	<monsters>飞翼狂蛟、逍火长者、剧毒蜂王</monsters>
</scene>
	<scene id = "11001" name="狮驼岭">
	<havecountry>1</havecountry>
	<countryid>130</countryid>
	<type>0</type>
	<hard>★★★★★</hard>
	<level>50-58</level>
	<monsters>断尾巨蜥、巨棒熊妖、阳炎鸡王</monsters>
</scene>
	<scene id = "11002" name="云雷墟">
	<havecountry>1</havecountry>
	<countryid>130</countryid>
	<type>0</type>
	<horseTips>256</horseTips>
	<hard>★★★★★</hard>
	<level>57-60</level>
	<monsters>乱刃魔蝎、雷电鼠、霹雳豹</monsters>
</scene>
	<scene id = "11003" name="狮驼洞">
	<havecountry>1</havecountry>
	<countryid>130</countryid>
	<type>0</type>
	<hard>★★★★★</hard>
	<level>46-56</level>
	<monsters>暴走牙、轰雷大将、雷云鸟</monsters>
</scene>
	<scene id = "11004" name="后洞">
	<havecountry>1</havecountry>
	<countryid>130</countryid>
	<type>0</type>
	<hard>★★★★★</hard>
	<level>48-52</level>
	<npcs>神秘商人</npcs>
	<monsters>刺牙星、雷鸣虫</monsters>
	<service>火炬神殿</service>
</scene>
	<scene id = "11005" name="云雷城">
	<havecountry>1</havecountry>
	<countryid>130</countryid>
	<notopentip>通道已被破坏，无法进入</notopentip>
	<type>0</type>
	<horseState>0</horseState>
	<horseTips>128</horseTips>
	<hard>★★★★★</hard>
	<level>50-60</level>
</scene>
	<scene id = "12000" name="火炬神殿">
	<havecountry>1</havecountry>
	<countryid>1</countryid>
	<type>2</type>
</scene>
	<scene id = "14000" name="千回岛">
	<havecountry>1</havecountry>
	<countryid>1</countryid>
	<type>2</type>
	<horseState>0</horseState>
	<horseTips>256</horseTips>
</scene>
	<scene id = "14001" name="千回岛BOSS">
	<havecountry>1</havecountry>
	<countryid>1</countryid>
	<type>2</type>
	<horseState>0</horseState>
	<horseTips>256</horseTips>
</scene>
	<scene id = "15000" name="藏龙渊战场">
	<havecountry>1</havecountry>
	<countryid>1</countryid>
	<type>10001</type>
	<horseState>1</horseState>
	<horseTips>256</horseTips>
</scene>
	<scene id = "15001" name="王座战场">
	<havecountry>1</havecountry>
	<countryid>1</countryid>
	<type>0</type>
</scene>
	<scene id = "16001" name="封神岭">
	<havecountry>1</havecountry>
	<countryid>170</countryid>
	<type>0</type>
	<npcs>九天真王</npcs>
	<service>封神台</service>
</scene>
	<scene id = "16002" name="封神台">
	<havecountry>1</havecountry>
	<countryid>170</countryid>
	<type>0</type>
</scene>
	<scene id = "16003" name="锁灵谷">
	<havecountry>1</havecountry>
	<countryid>170</countryid>
	<type>0</type>
	<npcs>永夜王</npcs>
</scene>
	<scene id = "16004" name="超能幻境">
	<havecountry>1</havecountry>
	<countryid>170</countryid>
	<type>0</type>
	<npcs>时空终结者、超能战神、天威守护者</npcs>
</scene>
	<scene id = "16005" name="星空堡垒">
	<havecountry>1</havecountry>
	<countryid>170</countryid>
	<type>0</type>
	<npcs>星际巡航者</npcs>
	<service>机械合体</service>
</scene>
	<scene id = "16006" name="神木林">
	<havecountry>1</havecountry>
	<countryid>170</countryid>
	<type>0</type>
	<hard>★★★</hard>
	<level>20-30</level>
	<npcs>灵萝仙姬</npcs>
	<monsters>小刀客</monsters>
</scene>
	<scene id = "18001" name="活动乐园">
	<havecountry>0</havecountry>
	<countryid>180</countryid>
	<type>0</type>
	<service>暑期摇摇乐、海底激战赢绝版、恶灵狙击赢绝版、玄塔觅宝、仙踪之门、游戏乐园</service>
</scene>
	<scene id = "18002" name="圣光幻境">
	<havecountry>0</havecountry>
	<countryid>180</countryid>
	<type>0</type>
	<horseTips>128</horseTips>
</scene>
	<scene id = "19001" name="比丘国国都">
	<havecountry>1</havecountry>
	<countryid>190</countryid>
	<type>0</type>
	<horseTips>128</horseTips>
	<hard>★★★★</hard>
	<npcs>驿丞</npcs>
</scene>
	<scene id = "19002" name="金殿">
	<havecountry>1</havecountry>
	<countryid>190</countryid>
	<type>0</type>
	<horseTips>128</horseTips>
</scene>
	<scene id = "19003" name="柳林坡">
	<havecountry>1</havecountry>
	<countryid>190</countryid>
	<type>0</type>
	<horseTips>128</horseTips>
	<hard>★★★★</hard>
	<level>10-15</level>
	<monsters>彩彩鹿、毒刃小卒</monsters>
	<service>星魂洞穴</service>
</scene>
	<scene id = "19004" name="陷空山">
	<havecountry>1</havecountry>
	<countryid>190</countryid>
	<type>0</type>
	<horseTips>128</horseTips>
	<hard>★★★</hard>
	<level>9-11</level>
	<monsters>小羽灵</monsters>
</scene>
	<scene id = "19005" name="圣光神庙">
	<havecountry>1</havecountry>
	<countryid>190</countryid>
	<type>0</type>
	<horseTips>128</horseTips>
	<hard>★★★★★</hard>
	<level>100</level>
	<npcs>圣光天尊</npcs>
</scene>
	<scene id = "19006" name="镇海寺">
	<havecountry>1</havecountry>
	<countryid>190</countryid>
	<type>0</type>
	<horseTips>3</horseTips>
	<hard>★★</hard>
	<level>10-12</level>
	<monsters>小飞仙、霜雪象</monsters>
</scene>
	<scene id = "19007" name="清华洞">
	<havecountry>1</havecountry>
	<countryid>190</countryid>
	<type>0</type>
	<horseTips>256</horseTips>
	<hard>★</hard>
	<level>5-7</level>
	<monsters>迅影兽</monsters>
</scene>
	<scene id = "19008" name="无底洞">
	<havecountry>1</havecountry>
	<countryid>190</countryid>
	<type>0</type>
	<horseTips>128</horseTips>
	<hard>★★★</hard>
	<level>10-50</level>
	<monsters>爪爪狼</monsters>
</scene>
	<scene id = "19009" name="天王山">
	<havecountry>1</havecountry>
	<countryid>190</countryid>
	<type>0</type>
	<horseTips>128</horseTips>
	<hard>★★★★★</hard>
	<level>100</level>
	<npcs>青辉武神</npcs>
	<monsters>松鼠球</monsters>
</scene>
	<scene id = "19010" name="星魂洞穴">
	<havecountry>0</havecountry>
	<countryid>190</countryid>
	<type>2</type>
	<horseTips>256</horseTips>
</scene>
	<scene id = "20001" name="演武场">
	<havecountry>1</havecountry>
	<countryid>110</countryid>
	<type>0</type>
	<service>单妖怪擂台战、单妖怪擂台排行榜、多妖怪擂台战、多妖怪擂台排行榜、妖怪大乱斗、观战台、封魔录</service>
</scene>
	<scene id = "20002" name="封魔录">
	<havecountry>1</havecountry>
	<countryid>1</countryid>
	<type>2</type>
</scene>
	<scene id = "21001" name="灭法国国都">
	<havecountry>1</havecountry>
	<countryid>210</countryid>
	<type>0</type>
	<horseTips>128</horseTips>
	<level>8-100</level>
</scene>
	<scene id = "21002" name="宫殿">
	<havecountry>1</havecountry>
	<countryid>210</countryid>
	<type>0</type>
	<horseTips>128</horseTips>
</scene>
	<scene id = "21003" name="凤仙郡">
	<havecountry>1</havecountry>
	<countryid>210</countryid>
	<type>0</type>
	<horseTips>128</horseTips>
	<hard>★★★</hard>
	<level>8-90</level>
	<monsters>锤鱼兵、暗灵武士</monsters>
	<service>龙腾盛会</service>
</scene>
	<scene id = "21004" name="蓬莱镇">
	<havecountry>1</havecountry>
	<countryid>210</countryid>
	<type>0</type>
	<horseTips>128</horseTips>
	<hard>★★★★</hard>
	<level>7-80</level>
	<monsters>叶子粽、海狮子</monsters>
</scene>
	<scene id = "21005" name="隐雾山">
	<havecountry>1</havecountry>
	<countryid>210</countryid>
	<type>0</type>
	<horseTips>128</horseTips>
	<hard>★★★★</hard>
	<level>6-90</level>
	<monsters>乖稚兽、乐童</monsters>
</scene>
	<scene id = "21006" name="隐雾山崖底">
	<havecountry>1</havecountry>
	<countryid>210</countryid>
	<type>0</type>
	<horseTips>128</horseTips>
	<hard>★★★★</hard>
	<level>6-90</level>
	<monsters>福娃娃</monsters>
</scene>
	<scene id = "21007" name="折岳连环洞">
	<havecountry>1</havecountry>
	<countryid>210</countryid>
	<type>0</type>
	<horseTips>128</horseTips>
	<hard>★★★★</hard>
	<level>6-90</level>
	<monsters>小锤女，百毒蜥</monsters>
</scene>
	<scene id = "21008" name="达摩遗址">
	<havecountry>1</havecountry>
	<countryid>210</countryid>
	<type>0</type>
	<horseTips>128</horseTips>
	<hard>★★★</hard>
	<level>9-11</level>
	<monsters>蓝兵仔、夜月兽</monsters>
</scene>
	<scene id = "30005" name="花果山">
	<havecountry>1</havecountry>
	<countryid>110</countryid>
	<type>0</type>
	<hard>★★</hard>
	<level>18-27</level>
	<monsters>小黄猴、卷眉菜侠</monsters>
	<service>布告栏、万妖洞</service>
</scene>
	<scene id = "30006" name="水帘洞">
	<havecountry>1</havecountry>
	<countryid>110</countryid>
	<notopentip>需要完成任务【摘椰子的老猴】才可进入</notopentip>
	<taskID>3019001</taskID>
	<type>0</type>
</scene>
	<scene id = "30007" name="碧水洞天">
	<havecountry>1</havecountry>
	<countryid>110</countryid>
	<notopentip>完成【摘椰子的老猴】任务才能进入哦</notopentip>
	<taskID>3019001</taskID>
	<type>0</type>
	<horseState>2</horseState>
	<horseTips>256</horseTips>
	<npcs>小猴子</npcs>
	<service>钓妖怪</service>
</scene>
	<scene id = "40001" name="傲来海岸">
	<havecountry>1</havecountry>
	<countryid>120</countryid>
	<type>0</type>
	<horseTips>256</horseTips>
	<hard>★★</hard>
	<level>10-17</level>
	<npcs>古怪老仙人、老猴子</npcs>
	<monsters>滑滑龟、大钳蟹、小浮翼</monsters>
	<service>古怪法术、馋嘴的老猴子</service>
	<source>神明果</source>
	<game>孔雀鱼觅食记、傲来渔场</game>
</scene>
	<scene id = "40002" name="东海">
	<havecountry>1</havecountry>
	<countryid>120</countryid>
	<notopentip>需要学习“化鱼术”才能进入</notopentip>
	<magictype>2</magictype>
	<magicID>1</magicID>
	<type>0</type>
	<horseState>0</horseState>
	<horseTips>2</horseTips>
	<hard>★★★</hard>
	<level>16-42</level>
	<monsters>月水母、幽游水母、霄皇魔</monsters>
</scene>
	<scene id = "40003" name="珊瑚礁">
	<havecountry>1</havecountry>
	<countryid>120</countryid>
	<notopentip>需要学习“化鱼术”才能进入</notopentip>
	<magictype>2</magictype>
	<magicID>1</magicID>
	<type>0</type>
	<horseState>0</horseState>
	<horseTips>2</horseTips>
	<hard>★★★</hard>
	<level>12-46</level>
	<monsters>水龙鱼、孔雀鱼、大头虾</monsters>
</scene>
	<scene id = "40004" name="深海裂谷">
	<havecountry>1</havecountry>
	<countryid>120</countryid>
	<notopentip>需要学习“化鱼术”才能进入</notopentip>
	<magictype>2</magictype>
	<magicID>1</magicID>
	<type>0</type>
	<horseState>0</horseState>
	<horseTips>2</horseTips>
	<hard>★★★★★</hard>
	<level>46-58</level>
	<monsters>幻彩鱼王、独角鳞蛟、避尘圣手</monsters>
</scene>
	<scene id = "40005" name="龙宫">
	<havecountry>1</havecountry>
	<countryid>120</countryid>
	<notopentip>需要完成任务【龙宫传说】和学习法术“化鱼术”才可进入</notopentip>
	<taskID>3023001</taskID>
	<magictype>2</magictype>
	<magicID>1</magicID>
	<type>0</type>
	<horseState>0</horseState>
	<horseTips>2</horseTips>
</scene>
	<scene id = "50001" name="南天门">
	<havecountry>1</havecountry>
	<countryid>140</countryid>
	<mapopen>0</mapopen>
	<notopentip>要在紫竹林使用【太上令】才可进入哦</notopentip>
	<taskID>7003001</taskID>
	<type>0</type>
	<hard>★★★★★</hard>
	<level>3-58</level>
	<npcs>天兵、天将</npcs>
	<monsters>花花兔、踏云马王、廉兽</monsters>
</scene>
	<scene id = "50002" name="彩虹仙桥">
	<havecountry>1</havecountry>
	<countryid>1</countryid>
	<type>0</type>
</scene>
	<scene id = "50003" name="云野">
	<havecountry>1</havecountry>
	<countryid>140</countryid>
	<mapopen>0</mapopen>
	<notopentip>要在紫竹林使用【太上令】才可进入哦</notopentip>
	<taskID>7003001</taskID>
	<type>0</type>
	<hard>★★★★★</hard>
	<level>10-59</level>
	<monsters>飞带兽、风羚羊、飞天疾风狮</monsters>
</scene>
	<scene id = "60001" name="南海紫竹林">
	<havecountry>1</havecountry>
	<countryid>140</countryid>
	<notopentip>需要完成【太上令！飞天之路】任务才能进入哦</notopentip>
	<taskID>7003001</taskID>
	<type>0</type>
	<hard>★★</hard>
	<level>13-18</level>
	<npcs>观音大使、黑熊精</npcs>
	<monsters>熊猫宝宝、小雨燕、小竹笛</monsters>
</scene>
	<scene id = "70001" name="拍卖厅">
	<havecountry>1</havecountry>
	<countryid>10</countryid>
	<type>0</type>
	<horseTips>256</horseTips>
	<npcs>开心助理小悦、拍卖师泰罗</npcs>
	<service>限时大抢拍、卡布拍卖手册、奖品兑换</service>
</scene>
	<scene id = "80001" name="太古神境">
	<havecountry>1</havecountry>
	<countryid>150</countryid>
	<type>0</type>
	<hard>★★★</hard>
	<level>31-45</level>
	<monsters>飞贝球、水星奇贝</monsters>
	<service>天神界、地魂界、锁妖塔、伏龙窟、敬佛堂</service>
</scene>
	<scene id = "80002" name="天神界">
	<havecountry>1</havecountry>
	<countryid>1</countryid>
	<type>2</type>
</scene>
	<scene id = "80003" name="晨暮冰川">
	<havecountry>1</havecountry>
	<countryid>150</countryid>
	<type>0</type>
	<hard>★★★</hard>
	<level>32-46</level>
	<monsters>雷虎王、玉子饭团</monsters>
</scene>
	<scene id = "80004" name="锁妖塔">
	<havecountry>1</havecountry>
	<countryid>1</countryid>
	<type>2</type>
</scene>
	<scene id = "80005" name="寒冰谷">
	<havecountry>1</havecountry>
	<countryid>150</countryid>
	<type>0</type>
	<hard>★</hard>
	<level>3-5</level>
	<monsters>冰齿兽</monsters>
</scene>
	<scene id = "80006" name="独龙崖">
	<havecountry>1</havecountry>
	<countryid>150</countryid>
	<type>0</type>
	<hard>★★★★</hard>
	<level>45-47</level>
	<monsters>青竹怪</monsters>
</scene>
	<scene id = "80007" name="地魂界">
	<havecountry>0</havecountry>
	<countryid>150</countryid>
	<mapopen>0</mapopen>
	<type>2</type>
</scene>
	<scene id = "80008" name="伏龙窟">
	<havecountry>1</havecountry>
	<countryid></countryid>
	<type>2</type>
</scene>
	<scene id = "80009" name="敬佛堂">
	<havecountry>0</havecountry>
	<countryid>150</countryid>
	<type>2</type>
	<horseTips>256</horseTips>
</scene>
	<scene id = "90001" name="鬼门关">
	<havecountry>1</havecountry>
	<countryid>160</countryid>
	<type>0</type>
	<hard>★★★</hard>
	<level>8-45</level>
	<monsters>草菇仔、福袋娃、炫火宫灯</monsters>
</scene>
	<scene id = "90002" name="黄泉路">
	<havecountry>1</havecountry>
	<countryid>160</countryid>
	<type>0</type>
	<hard>★★★</hard>
	<level>20-46</level>
	<monsters>雨蛙儿、焰火女尊、斩水河马</monsters>
</scene>
	<scene id = "90003" name="忘川河">
	<havecountry>1</havecountry>
	<countryid>160</countryid>
	<type>0</type>
	<hard>★★★★</hard>
	<level>46-48</level>
	<monsters>巨舌蝙蝠、移影白衣</monsters>
</scene>
	<scene id = "90004" name="阎王殿">
	<havecountry>1</havecountry>
	<countryid>160</countryid>
	<type>0</type>
	<hard>★★★★</hard>
	<level>41-50</level>
	<monsters>金扇神童、银甲红烛、蓝梦冰蝶</monsters>
</scene>
	<scene id = "90005" name="内殿">
	<havecountry>1</havecountry>
	<countryid>160</countryid>
	<type>0</type>
</scene>
	<scene id = "200001" name="苍炼山坡">
	<havecountry>1</havecountry>
	<countryid>1</countryid>
	<type>10000</type>
	<horseState>1</horseState>
	<horseTips>256</horseTips>
</scene>
	<scene id = "200002" name="苍炼沼泽">
	<havecountry>1</havecountry>
	<countryid>1</countryid>
	<type>10000</type>
	<horseState>1</horseState>
	<horseTips>256</horseTips>
</scene>
	<scene id = "200003" name="苍蓝岭">
	<havecountry>1</havecountry>
	<countryid>1</countryid>
	<type>10000</type>
	<horseState>1</horseState>
	<horseTips>256</horseTips>
</scene>
	<scene id = "200004" name="赤炼滩">
	<havecountry>1</havecountry>
	<countryid>1</countryid>
	<type>10000</type>
	<horseState>1</horseState>
	<horseTips>256</horseTips>
</scene>
	<scene id = "300000" name="PK服务器地图">
	<havecountry>1</havecountry>
	<countryid>1</countryid>
	<type>0</type>
</scene>
</scenes>
<news id="-2" name="浮动字">
	<enterScene nname="bg1"/>
	<enterScene nname="bg210"/>
</news>
</maps>