<root>
	<npc id="11001" play_type="0" frequency="10" show_time="5" show_type="0">
		<node start_time="0" end_time="0">
			<desc id="1">欢迎欢迎！卡布探险团的精英们！</desc>
			<desc id="2">这里是西游世界，去开始你的冒险旅程吧！</desc>
			<desc id="3">使用筋斗云，让你自由穿梭在世界的每个角落！</desc>
			<desc id="4">快来参加我身后的时空隧道拯救队行动！</desc>
			<desc id="5">打开右上角的任务档案，接受最新的冒险任务！</desc>
		</node>
		<node start_time="1473325200" end_time="1414677600">
			<desc id="1"></desc>
		</node>
	</npc>
	<npc id="11002" play_type="0" frequency="10" show_time="5" show_type="0">
		<node start_time="0" end_time="0">
			<desc id="1">眺望窗外，风景还是很不错的！</desc>
			<desc id="2">感觉累了就回到家园休息休息！</desc>
			<desc id="3">报告机长！飞船信号受到干扰！</desc>
			<desc id="4">别！别碰那东西！</desc>
			<desc id="5">月光号上的工作人员都是天才中的天才！</desc>
		</node>
	</npc>
	<npc id="12001" play_type="0" frequency="10" show_time="5" show_type="0">
		<node start_time="0" end_time="0">
			<desc id="1">欢迎来到超时空舱，旅行辛苦吗？</desc>
			<desc id="2">根据监控台的录像显示，西游世界一切正常！</desc>
			<desc id="3">传送盘可以带您到上一层！</desc>
			<desc id="4">呼叫机长！我是亚赛，OVER！</desc>
			<desc id="5">听说美佳那里的服装都很不错呢！</desc>
		</node>
		<node start_time="1435824060" end_time="1441089000">
			<desc id="1">暴怒猿罪登场啦！卡布们做好战斗准备没！</desc>
			<desc id="2">下一只超进化的会是哪位大王呢？好期待啊！</desc>
			<desc id="3">仙踪之门已经开启，时空的隔阂被破除啦！</desc>
		</node>
		<node start_time="1363226400" end_time="1363795200">
			<desc id="1">绝版妖怪集体大出现？去活动乐园一探究竟吧。</desc>
			<desc id="2">听说活动乐园出现了很多神秘气球？</desc>
		</node>
	</npc>
	<npc id="12002" play_type="0" frequency="10" show_time="5" show_type="0">
		<node start_time="0" end_time="0">
			<desc id="1"></desc>
		</node>
	</npc>
	<npc id="19001" play_type="0" frequency="10" show_time="5" show_type="0">
		<node start_time="0" end_time="0">
			<desc id="1">能源转换仪能把各种资源转换成飞船能源。</desc>
			<desc id="2">研究各种资源真是人生一大乐事！</desc>
			<desc id="3">魔晶石中到底蕴含着多么大的能量呢？</desc>
			<desc id="4">嘘……我正在思考！</desc>
			<desc id="5">你是我见过的最勤奋的卡布</desc>
		</node>
	</npc>
	<npc id="19002" play_type="0" frequency="10" show_time="5" show_type="0">
		<node start_time="0" end_time="0">
			<desc id="1">马达先生在专心做研究时不喜欢别人打扰！</desc>
			<desc id="2">这么多的资源你是怎么弄到的？</desc>
			<desc id="3">天地灵气和女娲石这种稀有的资源可别轻易换掉哦！</desc>
			<desc id="4">马达先生，能源转换仪一切正常。</desc>
			<desc id="5">爱护环境，不能过度采集开发。</desc>
		</node>
	</npc>
	<npc id="13001" play_type="0" frequency="10" show_time="5" show_type="0">
		<node start_time="0" end_time="0">
			<desc id="1">小家伙过来，让我好好看看你的妖怪！</desc>
			<desc id="2">补给库里面有你需要的东西！</desc>
			<desc id="3">这是小鸡吗？但是又不太像……</desc>
			<desc id="4">西游世界中到底隐藏着多少我们不知道的妖怪呢！</desc>
			<desc id="5">资质、性格、修为都是决定妖怪能力的重要因素哦！</desc>
		</node>
	</npc>
	<npc id="13002" play_type="0" frequency="10" show_time="5" show_type="0">
		<node start_time="0" end_time="0">
			<desc id="1">来锻炼一下你的妖怪分辨能力吧！</desc>
			<desc id="2">别，别动那台机器……</desc>
			<desc id="3">妖怪研究报告里有关于妖怪的资料。</desc>
			<desc id="4">博士一直这样弯着腰是在减肥吗？</desc>
			<desc id="5">宠物房完全模拟了西游世界生态环境。</desc>
		</node>
	</npc>
	<npc id="14001" play_type="0" frequency="10" show_time="5" show_type="0">
		<node start_time="0" end_time="0">
			<desc id="1">在我身后的橱窗里面能买到采集工具。</desc>
			<desc id="2">我手上有本飞船手册，你想看看吗？</desc>
			<desc id="3">我的靴子是防重力的哦~能让我飘浮起来。</desc>
			<desc id="4">按时吃饭，按时睡觉，做一个健康的小卡布！</desc>
			<desc id="5">烹饪可是一门艺术，煮出美味的东西。</desc>
		</node>
	</npc>
	<npc id="14002" play_type="0" frequency="10" show_time="5" show_type="0">
		<node start_time="0" end_time="0">
			<desc id="1">我觉得菲菲姐姐无论什么时候看都那么美丽！</desc>
			<desc id="2">上面的仪器内还有其他采集设备。</desc>
			<desc id="3">菲菲姐姐长的漂亮，厨艺更是绝佳呢！</desc>
			<desc id="4">资源舱永远是这么一尘不染！</desc>
			<desc id="5">资源舱具备了探索用的各种东西。</desc>
		</node>
	</npc>
	<npc id="15001" play_type="0" frequency="10" show_time="5" show_type="0">
		<node start_time="0" end_time="0">
			<desc id="1">我这里的服装都是经过精心制作的，请随便看看！</desc>
			<desc id="2">来买件服装吧，它会给你带来好运的！</desc>
			<desc id="3">你觉得我和菲菲姐姐谁更漂亮呢？</desc>
			<desc id="4">看！O(∩_∩)O~我的新衣服好看吗？</desc>
			<desc id="5">亚赛很帅，你是不是也这么觉得呀？嘻嘻……</desc>
		</node>
	</npc>
	<npc id="15002" play_type="0" frequency="10" show_time="5" show_type="0">
		<node start_time="0" end_time="0">
			<desc id="1">欢迎光临炫光城，请随便参观！</desc>
			<desc id="2">美佳好可爱呀，真是人见人爱</desc>
			<desc id="3">下一批新服装什么时候才能送来呢？</desc>
			<desc id="4">其实……我也很想换一套漂亮的衣服！</desc>
			<desc id="5">炫光城是不是很漂亮呢？</desc>
		</node>
	</npc>
	<npc id="15003" play_type="0" frequency="10" show_time="5" show_type="0">
		<node start_time="0" end_time="0">
			<desc id="1">大家好！我是颁奖大使双儿。</desc>
			<desc id="2">参与官方活动得奖后就能在我这里领取咯！</desc>
			<desc id="3">上次活动的得奖者真是太幸运啦！</desc>
			<desc id="4">大家齐参与，奖励丰厚送不停。</desc>
			<desc id="5">你会是这次活动的幸运小卡布吗？</desc>
		</node>
	</npc>
	<npc id="12004" play_type="0" frequency="10" show_time="5" show_type="0">
		<node start_time="0" end_time="0">
			<desc id="1">你看起来真精神！</desc>
			<desc id="2">西游世界真是太美丽了，真想和你一起出去走走！</desc>
			<desc id="3">我的衣服好看吗？这可是美佳妹妹专门为我订做的。</desc>
			<desc id="4">自己的事情自己做，做卡布的好榜样！</desc>
			<desc id="5">将漂亮的服装相互搭配，你将看起来更有魅力！</desc>
		</node>
	</npc>
	<npc id="16001" play_type="0" frequency="10" show_time="5" show_type="0">
		<node start_time="0" end_time="0">
			<desc id="1">贝贝就在我身后的那台绿色的仪器中。</desc>
			<desc id="2">遇到困难或者发现问题记得写信给我！</desc>
			<desc id="3">未来世界的能源就快枯竭了，我们得抓紧时间！</desc>
			<desc id="4">我们通过魔晶战记的任务来调查魔晶能源！</desc>
			<desc id="5">魔晶石……这种能源太强大了。</desc>
		</node>
		<node start_time="1363226400" end_time="1363795200">
			<desc id="1">活动乐园那边好热闹，呵呵</desc>
			<desc id="2">昨天去活动乐园逛了一下，感觉真不错</desc>
			<desc id="3">近段时间似乎很多人在谈论活动乐园的样子</desc>
		</node>
	</npc>
	<npc id="16002" play_type="0" frequency="10" show_time="5" show_type="0">
		<node start_time="0" end_time="0">
			<desc id="1">叮叮博士可是很用心的在培养贝贝。</desc>
			<desc id="2">叮叮博士有时候就是个怪老头！</desc>
			<desc id="3">我们机舱小助手就是叮叮博士发明的呢！</desc>
			<desc id="4">听说叮叮博士要培育出更厉害的贝贝。</desc>
			<desc id="5">领取完贝贝后，贝贝会出现在家园中。</desc>
		</node>
	</npc>
	<npc id="17001" play_type="0" frequency="10" show_time="5" show_type="0">
		<node start_time="0" end_time="0">
			<desc id="1">“新手的试炼”能帮助你锻炼自己的妖怪。</desc>
			<desc id="2">任务艰巨，快点带上你的妖怪伙伴加入行动！</desc>
			<desc id="3">只有让你的妖怪不断的接受训练，才能变得更强！</desc>
			<desc id="4">军事厅永远都是月光号最严肃的地方！</desc>
			<desc id="5">抬头挺胸，昂首向前！</desc>
		</node>
	</npc>
	<npc id="17002" play_type="0" frequency="10" show_time="5" show_type="0">
		<node start_time="0" end_time="0">
			<desc id="1">洛特司令抽烟时的样子特别的酷。</desc>
			<desc id="2">准备好了吗？马上行动！</desc>
			<desc id="3">报告长官，目前未检测到任何危险。</desc>
			<desc id="4">卡布探险团的成员们都很勇敢！</desc>
			<desc id="5">飞船已经进入高空隐藏，一切正常！</desc>
		</node>
	</npc>
	<npc id="18001" play_type="0" frequency="10" show_time="5" show_type="0">
		<node start_time="0" end_time="0">
			<desc id="1">这么多的资料要整理，忙死我了！</desc>
			<desc id="2">小卡布们从现在起能随意更换自己的名字啦！</desc>
			<desc id="3">小卡布们能在自己的玩家信息界面上修改名称。</desc>
			<desc id="4">每天最多修改一次自己的名字哦。</desc>
			<desc id="5">改了名字别忘了告诉你的朋友们。</desc>
		</node>
	</npc>
	<npc id="18002" play_type="0" frequency="10" show_time="5" show_type="0">
		<node start_time="0" end_time="0">
			<desc id="1">贝拉每天都忙得焦头烂额！</desc>
			<desc id="2">等数据恢复后，就可以来这儿修改密码了。</desc>
			<desc id="3">千万不要告诉陌生人你的账号密码！</desc>
			<desc id="4">伊尔看起来比贝拉还要呆！</desc>
			<desc id="5">这么多资料要整理，我要赶紧将数据库修复好才行！</desc>
		</node>
	</npc>
	<npc id="18004" play_type="0" frequency="10" show_time="5" show_type="0">
		<node start_time="0" end_time="0">
			<desc id="1">接受我的挑战可以获得更多的修为哦！</desc>
			<desc id="2">别这样盯着我看，我可是很严肃的人！</desc>
			<desc id="3">今天的修为任务你都完成了吗？</desc>
			<desc id="4">你的妖怪修为都刷满了吗？</desc>
			<desc id="5">其实贝拉看起来也没有想象中那么呆！</desc>
		</node>
	</npc>
	<npc id="21206" play_type="0" frequency="10" show_time="5" show_type="0">
		<node start_time="0" end_time="0">
			<desc id="1">我知道很多你不知道的秘密！</desc>
			<desc id="2">你看起来红光满面，肯定要走好运了！</desc>
			<desc id="3">神秘的人，你来自何方？</desc>
			<desc id="4">这位客官，要算个卦不？</desc>
			<desc id="5">是正是邪，都只在你一念之间！</desc>
		</node>
	</npc>
	<npc id="21204" play_type="0" frequency="10" show_time="5" show_type="0">
		<node start_time="0" end_time="0">
			<desc id="1">当初的秦王已经成为当今圣上了！</desc>
			<desc id="2">长安城中车水马龙，歌舞升平，早就远离了战争的硝烟！</desc>
			<desc id="3">来者何人？皇城重地，闲者止步！</desc>
			<desc id="4">保护大唐是我毕生的使命！</desc>
			<desc id="5">听说那个叫做袁守诚的道士算命很准！</desc>
		</node>
	</npc>
	<npc id="21210" play_type="0" frequency="10" show_time="5" show_type="0">
		<node start_time="0" end_time="0">
			<desc id="1">天上霞光异彩，是要发生什么大事了吗？</desc>
			<desc id="2">有传言说太上老君已经下凡了。</desc>
			<desc id="3">八卦灵盘正在等待有缘人的开启！</desc>
			<desc id="4">我的七个胞弟都在西游世界的其他国家考察！</desc>
			<desc id="5">两仪生四象，四象生八卦。</desc>
		</node>
	</npc>
	<npc id="21301" play_type="0" frequency="10" show_time="5" show_type="0">
		<node start_time="0" end_time="0">
			<desc id="1">边疆动乱平息，百姓安居乐业，天下太平！</desc>
			<desc id="2">御弟此去西天求取真经，不知何年何月才能再见。</desc>
			<desc id="3">有事启奏，无事退朝。</desc>
			<desc id="4">你看起来有大将之勇，天纵之才，我准备重用你！</desc>
			<desc id="5">知识不是力量，懂得运用知识才是力量！</desc>
		</node>
	</npc>
	<npc id="21801" play_type="0" frequency="10" show_time="5" show_type="0">
		<node start_time="0" end_time="0">
			<desc id="1">诶……人老啦，不中用了！</desc>
			<desc id="2">庄子里跑了只小水鹤，快去抓住它！</desc>
			<desc id="3">希望那妖怪不会再回来骚扰我们……</desc>
			<desc id="4">这些小邪龟真烦人，谁能来帮帮我!</desc>
			<desc id="5">前面就是黄风岭，先在庄子里面休息休息再走吧！</desc>
		</node>
	</npc>
	<npc id="31101" play_type="0" frequency="10" show_time="5" show_type="0">
		<node start_time="0" end_time="0">
			<desc id="1">黄沙弥漫，烈日当空，这里西域风情浓郁！</desc>
			<desc id="2">八卦灵盘正在等待有缘人的开启！</desc>
			<desc id="3">不知宝象国的三弟现在怎么样了。</desc>
			<desc id="4">听说灵吉菩萨曾出现在黄风岭！</desc>
			<desc id="5">你是大哥找到的有缘人吗？</desc>
		</node>
	</npc>
	<npc id="41101" play_type="0" frequency="10" show_time="5" show_type="0">
		<node start_time="0" end_time="0">
			<desc id="1">大象是这个边陲小国的吉祥物。</desc>
			<desc id="2">八卦灵盘正在等待有缘人的开启！</desc>
			<desc id="3">不知女儿国的六弟现在怎么样了。</desc>
			<desc id="4">我突然有一个疯狂的想法！</desc>
			<desc id="5">你是大哥找到的有缘人吗？</desc>
		</node>
	</npc>
	<npc id="51206" play_type="0" frequency="10" show_time="5" show_type="0">
		<node start_time="0" end_time="0">
			<desc id="1">这个国家的乌鸡真是人间美味。</desc>
			<desc id="2">八卦灵盘正在等待有缘人的开启！</desc>
			<desc id="3">不知二哥在乌斯藏国过的可好。</desc>
			<desc id="4">黑水河的水真的是黑的吗？</desc>
			<desc id="5">你是大哥找到的有缘人吗？</desc>
		</node>
	</npc>
	<npc id="61101" play_type="0" frequency="10" show_time="5" show_type="0">
		<node start_time="0" end_time="0">
			<desc id="1">道士？和尚？傻傻分不清楚……</desc>
			<desc id="2">八卦灵盘正在等待有缘人的开启！</desc>
			<desc id="3">不知祭赛国的七弟现在怎么样了。</desc>
			<desc id="4">通天河的水为什么会往天上流呢？</desc>
			<desc id="5">你是大哥找到的有缘人吗？</desc>
		</node>
	</npc>
	<npc id="71201" play_type="0" frequency="10" show_time="5" show_type="0">
		<node start_time="0" end_time="0">
			<desc id="1">貌似这个国家就我一个男人……</desc>
			<desc id="2">八卦灵盘正在等待有缘人的开启！</desc>
			<desc id="3">好久没见大哥了，他在长安城过得好吗？</desc>
			<desc id="4">为什么喝了子母河的水就能怀孕呢？</desc>
			<desc id="5">你是大哥找到的有缘人吗？</desc>
		</node>
	</npc>
	<npc id="91101" play_type="0" frequency="10" show_time="5" show_type="0">
		<node start_time="0" end_time="0">
			<desc id="1">祭赛国是一个吉祥的国家。</desc>
			<desc id="2">八卦灵盘正在等待有缘人的开启！</desc>
			<desc id="3">好久没见八弟了，他在朱紫国过得好吗？</desc>
			<desc id="4">听说火焰山的炎阳之地有一颗神奇的火铜。</desc>
			<desc id="5">你是大哥找到的有缘人吗？</desc>
		</node>
	</npc>
	<npc id="101101" play_type="0" frequency="10" show_time="5" show_type="0">
		<node start_time="0" end_time="0">
			<desc id="1">这个国家的颜色真有喜感~</desc>
			<desc id="2">八卦灵盘正在等待有缘人的开启！</desc>
			<desc id="3">哥哥们现在怎么样了？小兑很想他们！</desc>
			<desc id="4">我最喜欢的食物就是柿果。</desc>
			<desc id="5">你是大哥找到的有缘人吗？</desc>
		</node>
	</npc>
	<npc id="21812" play_type="0" frequency="10" show_time="5" show_type="0">
		<node start_time="0" end_time="0">
			<desc id="1">诶……人老啦，不中用了！</desc>
			<desc id="2">庄子里跑了只小水鹤，快去抓住它！</desc>
			<desc id="3">希望那妖怪不会再回来骚扰我们……</desc>
			<desc id="4">这些小邪龟真烦人，谁能来帮帮我!</desc>
			<desc id="5">前面就是黄风岭，先在庄子里面休息休息再走吧！</desc>
		</node>
	</npc>
	<npc id="21106" play_type="0" frequency="10" show_time="5" show_type="0">
		<node start_time="0" end_time="0">
			<desc id="1">
			哼，小田鼠……
		</desc>
		</node>
	</npc>
	<npc id="21705" play_type="0" frequency="10" show_time="5" show_type="0">
		<node start_time="0" end_time="0">
			<desc id="1">
			好痒啊，好痒啊。
		</desc>
		</node>
	</npc>
	<npc id="31310" play_type="0" frequency="10" show_time="5" show_type="0">
		<node start_time="0" end_time="0">
			<desc id="1">
			开战，开战！
		</desc>
		</node>
	</npc>
	<npc id="51301" play_type="0" frequency="10" show_time="5" show_type="0">
		<node start_time="0" end_time="0">
			<desc id="1">
			就差一点点了……
		</desc>
		</node>
	</npc>
	<npc id="61201" play_type="0" frequency="10" show_time="5" show_type="0">
		<node start_time="0" end_time="0">
			<desc id="1">
			快把值钱的东西都交出来！
		</desc>
		</node>
	</npc>
	<npc id="61401" play_type="0" frequency="10" show_time="5" show_type="0">
		<node start_time="0" end_time="0">
			<desc id="1">
			幸好我跑得快……
		</desc>
		</node>
	</npc>
	<npc id="61301" play_type="0" frequency="10" show_time="5" show_type="0">
		<node start_time="0" end_time="0">
			<desc id="1">
			zzZZZ……zzZZZ……
		</desc>
		</node>
	</npc>
	<npc id="71301" play_type="0" frequency="10" show_time="5" show_type="0">
		<node start_time="0" end_time="0">
			<desc id="1">
			金币啊，金币，你藏哪里去了？
		</desc>
		</node>
	</npc>
	<npc id="71101" play_type="0" frequency="10" show_time="5" show_type="0">
		<node start_time="0" end_time="0">
			<desc id="1">
			毒敌山的风景不错呀！
		</desc>
		</node>
	</npc>
	<npc id="81302" play_type="0" frequency="10" show_time="5" show_type="0">
		<node start_time="0" end_time="0">
			<desc id="1">
			唉，怎样才能帮到长耳奔呢？
		</desc>
		</node>
	</npc>
	<npc id="81201" play_type="0" frequency="10" show_time="5" show_type="0">
		<node start_time="0" end_time="0">
			<desc id="1">
			好怀念在黄风岭的日子啊……
		</desc>
		</node>
	</npc>
	<npc id="91201" play_type="0" frequency="10" show_time="5" show_type="0">
		<node start_time="0" end_time="0">
			<desc id="1">
			真是精彩的比赛啊！
		</desc>
		</node>
	</npc>
	<npc id="101401" play_type="0" frequency="10" show_time="5" show_type="0">
		<node start_time="0" end_time="0">
			<desc id="1">
			哈哈，我还是很聪明的嘛……
		</desc>
		</node>
	</npc>
	<npc id="81101" play_type="0" frequency="10" show_time="5" show_type="0">
		<node start_time="0" end_time="0">
			<desc id="1">
			多动脑筋，才会聪明！
		</desc>
		</node>
	</npc>
	<npc id="301701" play_type="0" frequency="10" show_time="5" show_type="0">
		<node start_time="0" end_time="0">
			<desc id="1">
			空间漩涡？唔……越看越令人着迷。
		</desc>
		</node>
	</npc>
	<npc id="401103" play_type="0" frequency="10" show_time="5" show_type="0">
		<node start_time="0" end_time="0">
			<desc id="1">怎么我屁股下面总是凉凉的？</desc>
			<desc id="2">我会多少法术？其实我也不知道。</desc>
			<desc id="3">别跟我说走火入魔，我没走火入魔</desc>
		</node>
	</npc>
	<npc id="401107" play_type="0" frequency="10" show_time="5" show_type="0">
		<node start_time="0" end_time="0">
			<desc id="1">怎么我屁股下面总是凉凉的？</desc>
			<desc id="2">我会多少法术？其实我也不知道。</desc>
			<desc id="3">别跟我说走火入魔，我没走火入魔</desc>
		</node>
	</npc>
	<npc id="19005" play_type="0" frequency="10" show_time="5" show_type="0">
		<node start_time="0" end_time="0">
			<desc id="1">床前明月光，后面这句是什么？哪位小卡布能告诉我？</desc>
			<desc id="2">Nice to meet you ！很高兴见到你！</desc>
			<desc id="3">来来来，跟露露老师一起背乘法口诀，一一得一……</desc>
			<desc id="4">亲爱的小卡布，今天你想了解什么知识？</desc>
			<desc id="5">上课啦！大家安静！现在开始点名……</desc>
		</node>
	</npc>
	<npc id="401502" play_type="0" frequency="10" show_time="5" show_type="0">
		<node start_time="0" end_time="0">
			<desc id="1">看看这龙宫神殿，啧啧啧~气宇轩昂，美轮美奂呐！</desc>
			<desc id="2">龙宫的大小事务都由我龟丞相一手操办</desc>
			<desc id="3">诶！我说话呢，你听见没有，怎么这么不尊敬长辈呀！</desc>
			<desc id="4">虾兵蟹将你们在干什么？一个大活人就这么进来了？</desc>
			<desc id="5">想见龙王？先伺候好我龟丞相再说吧!</desc>
		</node>
	</npc>
	<npc id="701101" play_type="0" frequency="10" show_time="5" show_type="0">
		<node start_time="0" end_time="0">
			<desc id="1">还有没有人竞价？快快快，这可是好东西来的！</desc>
			<desc id="2">拍卖厅禁止恶性竞争！</desc>
			<desc id="3">这个东西嘛……说实话，不值几个钱！</desc>
			<desc id="4">哎呀，这位小卡布出手真阔绰啊！</desc>
			<desc id="5">啪！成交！！</desc>
		</node>
	</npc>
	<npc id="501101" play_type="0" frequency="10" show_time="5" show_type="0">
		<node start_time="0" end_time="0">
			<desc id="1">天庭重地，闲人止步！</desc>
			<desc id="2">我俩奉命看守南天门，尔等速速离去！</desc>
			<desc id="3">诶！你说今天七仙女会不会再路过南天门呢？</desc>
			<desc id="4">好好当差，说不定哪天玉帝就给咱们提升仙职了！</desc>
			<desc id="5">你知道吗？听说刚刚齐天大圣孙悟空又来了！</desc>
		</node>
	</npc>
	<npc id="501102" play_type="0" frequency="10" show_time="5" show_type="0">
		<node start_time="0" end_time="0">
			<desc id="1">我俩奉命看守南天门，尔等速速离去！</desc>
			<desc id="2">诶！你说今天七仙女会不会再路过南天门呢？</desc>
			<desc id="3">你知道吗？听说刚刚齐天大圣孙悟空又来了！</desc>
			<desc id="4">天庭重地，闲人止步！</desc>
			<desc id="5">好好当差，说不定哪天玉帝就给咱们提升仙职了！</desc>
		</node>
	</npc>
	<npc id="401505" play_type="0" frequency="10" show_time="5" show_type="0">
		<node start_time="0" end_time="0">
			<desc id="1">龙宫禁地，休得乱闯！</desc>
			<desc id="2">来者何人，可有通行凭证？</desc>
			<desc id="3">其实，我觉得虾将蟹兵更好听些，你说呢？</desc>
			<desc id="4">其实，我蛮羡慕巡海夜叉的自在！</desc>
			<desc id="5">最近，龙王大人似乎愁眉不展的，不知发生何事！</desc>
		</node>
	</npc>
	<npc id="401506" play_type="0" frequency="10" show_time="5" show_type="0">
		<node start_time="0" end_time="0">
			<desc id="1">天庭饱满、龙行虎步，我果然是当将军的料！</desc>
			<desc id="2">龙宫禁地，休得乱闯！</desc>
			<desc id="3">来者何人，可有通行凭证？</desc>
			<desc id="4">最近，龙王大人似乎愁眉不展的，不知发生何事！</desc>
			<desc id="5">其实，我蛮羡慕巡海夜叉的自在！</desc>
		</node>
	</npc>
	<npc id="401503" play_type="0" frequency="10" show_time="5" show_type="0">
		<node start_time="0" end_time="0">
			<desc id="1">吾乃东海龙王敖广，来者通名！</desc>
			<desc id="2">东海乃四海之尊，吾即为四海龙王之长！</desc>
			<desc id="3">想我龙族，亦曾为洪荒之主！</desc>
			<desc id="4">龙族没落，吾誓光复之！</desc>
			<desc id="5">辱吾龙族者，吾必深究之！</desc>
		</node>
	</npc>
	<npc id="701102" play_type="0" frequency="10" show_time="5" show_type="0">
		<node start_time="0" end_time="0">
			<desc id="1">快来快来，这里有好多奖品可以兑换哦！</desc>
			<desc id="2">喂，泰罗，最近有什么有趣的事情发生吗？</desc>
			<desc id="3">嘻嘻，我该想个什么法子去整下泰罗呢？</desc>
			<desc id="4">其实，我也想去拍几件漂亮的衣服~</desc>
			<desc id="5">好久没和米娜一起打游戏了，怀念中~</desc>
		</node>
	</npc>
	<npc id="61105" play_type="0" frequency="10" show_time="5" show_type="0">
		<node start_time="0" end_time="0">
			<desc id="1">呆在大街上让我感觉这样更贴近民心。</desc>
			<desc id="2">孩子，你是从大唐来的吗？</desc>
			<desc id="3">车迟国虽然是边境小国，但也太平如意！</desc>
			<desc id="4">虽然墨震看起来呆呆的，但我知道他一定不简单！</desc>
			<desc id="5">为什么车迟国最近经常出现一些身穿奇装异服的人呢？</desc>
		</node>
	</npc>
	<npc id="17003" play_type="0" frequency="10" show_time="5" show_type="0">
		<node start_time="0" end_time="0">
			<desc id="1">嘿！小子~敢不敢来战场试一试你的实力？</desc>
			<desc id="2">没上过战场的小卡布，就是温室里的花朵！</desc>
			<desc id="3">快来苍炼岛战场证明你自己的实力吧！孩子们！</desc>
			<desc id="4">快来吧！勇士们，苍炼岛战场正在呼唤你们！</desc>
			<desc id="5">想从我手上拿到极品妖怪吗？那就向我证明你的实力吧！</desc>
		</node>
	</npc>
	<npc id="19012" play_type="0" frequency="10" show_time="5" show_type="0">
		<node start_time="0" end_time="0">
			<desc id="1">唔……看来有大新闻了……</desc>
			<desc id="2">最近卡布们的作品真是挺不错啊！</desc>
			<desc id="3">这件事一定要继续跟踪下去，背后肯定隐藏什么秘密。</desc>
			<desc id="4">嗯！这篇东西挺有价值的。</desc>
			<desc id="5">冲霄和傲天之间的事，肯定没那么简单。</desc>
		</node>
	</npc>
	<npc id="19013" play_type="0" frequency="10" show_time="5" show_type="0">
		<node start_time="0" end_time="0">
			<desc id="1">用有限空间，做无限设计，成就梦想之家。</desc>
			<desc id="2">将设计融于人性，将家居带入悠闲自在的情境</desc>
			<desc id="3">生活是创意的来源，创意源于文化，创意源于自己。</desc>
			<desc id="4">人可以改变环境，环境可以影响人，而设计则可以改变人和环境。</desc>
			<desc id="5">因生活而设计，因设计而美好。</desc>
		</node>
	</npc>
	<npc id="19014" play_type="0" frequency="10" show_time="5" show_type="0">
		<node start_time="0" end_time="0">
			<desc id="1">(*^_^*)欢迎光临VIP贵宾室。</desc>
			<desc id="2">有什么能帮到您的吗？请尽管告诉我哦！</desc>
			<desc id="3">VIP能享受非常多的尊贵服务哦！</desc>
			<desc id="4">赶快进入VIP商城，选购您心仪的商品吧！</desc>
		</node>
		<node start_time="1363226400" end_time="1363795200">
			<desc id="1">这有免费VIP，等你来体验哦。</desc>
			<desc id="2">居然免费送VIP和一大堆礼品，太感动了。</desc>
			<desc id="3">全民VIP，机不可失啊！</desc>
		</node>
	</npc>
	<npc id="19015" play_type="0" frequency="10" show_time="5" show_type="0">
		<node start_time="0" end_time="0">
			<desc id="1">欢迎来到指挥中心，小卡布们。</desc>
			<desc id="2">点击前面的地图模型上的小岛，就能进入战场啦！</desc>
			<desc id="3">带上你最强的妖怪，上战场证明自己吧！</desc>
			<desc id="4">Hi~这位小卡布，你好像又变强了呢！</desc>
			<desc id="5">卡布探险团越来越多精英了吖！</desc>
		</node>
	</npc>
	<npc id="19031" play_type="0" frequency="10" show_time="5" show_type="0">
		<node start_time="0" end_time="0">
			<desc id="1">兑奖的人越来越多，我都快忙不过来了！</desc>
			<desc id="2">走过路过，不要错过！</desc>
			<desc id="3">这位小卡布，我有什么可以帮忙的没？</desc>
			<desc id="4">想兑奖，到我这来！兑奖兑奖，过期不候！</desc>
			<desc id="5">想兑奖，到我这来！兑奖兑奖，过期不候！</desc>
		</node>
	</npc>
	<npc id="161101" play_type="0" frequency="10" show_time="5" show_type="0">
		<node start_time="0" end_time="0">
			<desc id="1"></desc>
		</node>
	</npc>
	<npc id="19034" play_type="0" frequency="10" show_time="5" show_type="0">
		<node start_time="0" end_time="0">
			<desc id="1">
			我才不会告诉别人我身上有许多神奇的卡牌。
		</desc>
		</node>
	</npc>
	<npc id="21401" play_type="0" frequency="10" show_time="5" show_type="0">
		<node start_time="0" end_time="0">
			<desc id="1"></desc>
		</node>
	</npc>
	<npc id="191114" play_type="0" frequency="10" show_time="5" show_type="0">
		<node start_time="0" end_time="0">
			<desc id="1">真希望比丘国永远宁静、和平。</desc>
		</node>
	</npc>
</root>