<node label="root">		<node id="jin">		<node id="jin" value="100" />		<node id="mu" value="100" />		<node id="shui" value="100" />		<node id="huo" value="100" />		<node id="tu" value="100" />		<node id="xian" value="100" />		<node id="yao" value="100" />		<node id="fo" value="100" />		<node id="gui" value="100" />		<node id="pu" value="100" />		<node id="te" value="90" /></node>		<node id="mu">		<node id="jin" value="100" />		<node id="mu" value="100" />		<node id="shui" value="100" />		<node id="huo" value="100" />		<node id="tu" value="100" />		<node id="xian" value="100" />		<node id="yao" value="100" />		<node id="fo" value="100" />		<node id="gui" value="100" />		<node id="pu" value="100" />		<node id="te" value="90" /></node>		<node id="shui">		<node id="jin" value="100" />		<node id="mu" value="100" />		<node id="shui" value="100" />		<node id="huo" value="100" />		<node id="tu" value="100" />		<node id="xian" value="100" />		<node id="yao" value="100" />		<node id="fo" value="100" />		<node id="gui" value="100" />		<node id="pu" value="100" />		<node id="te" value="90" /></node>		<node id="huo">		<node id="jin" value="100" />		<node id="mu" value="100" />		<node id="shui" value="100" />		<node id="huo" value="100" />		<node id="tu" value="100" />		<node id="xian" value="100" />		<node id="yao" value="100" />		<node id="fo" value="100" />		<node id="gui" value="100" />		<node id="pu" value="100" />		<node id="te" value="90" /></node>		<node id="tu">		<node id="jin" value="100" />		<node id="mu" value="100" />		<node id="shui" value="100" />		<node id="huo" value="100" />		<node id="tu" value="100" />		<node id="xian" value="100" />		<node id="yao" value="100" />		<node id="fo" value="100" />		<node id="gui" value="100" />		<node id="pu" value="100" />		<node id="te" value="90" /></node>		<node id="xian">		<node id="jin" value="100" />		<node id="mu" value="100" />		<node id="shui" value="100" />		<node id="huo" value="100" />		<node id="tu" value="100" />		<node id="xian" value="100" />		<node id="yao" value="100" />		<node id="fo" value="100" />		<node id="gui" value="100" />		<node id="pu" value="100" />		<node id="te" value="90" /></node>		<node id="yao">		<node id="jin" value="100" />		<node id="mu" value="100" />		<node id="shui" value="100" />		<node id="huo" value="100" />		<node id="tu" value="100" />		<node id="xian" value="100" />		<node id="yao" value="100" />		<node id="fo" value="100" />		<node id="gui" value="100" />		<node id="pu" value="100" />		<node id="te" value="90" /></node>		<node id="fo">		<node id="jin" value="100" />		<node id="mu" value="100" />		<node id="shui" value="100" />		<node id="huo" value="100" />		<node id="tu" value="100" />		<node id="xian" value="100" />		<node id="yao" value="100" />		<node id="fo" value="100" />		<node id="gui" value="100" />		<node id="pu" value="100" />		<node id="te" value="90" /></node>		<node id="gui">		<node id="jin" value="100" />		<node id="mu" value="100" />		<node id="shui" value="100" />		<node id="huo" value="100" />		<node id="tu" value="100" />		<node id="xian" value="100" />		<node id="yao" value="100" />		<node id="fo" value="100" />		<node id="gui" value="100" />		<node id="pu" value="100" />		<node id="te" value="90" /></node>		<node id="pu">		<node id="jin" value="100" />		<node id="mu" value="100" />		<node id="shui" value="100" />		<node id="huo" value="100" />		<node id="tu" value="100" />		<node id="xian" value="100" />		<node id="yao" value="100" />		<node id="fo" value="100" />		<node id="gui" value="100" />		<node id="pu" value="100" />		<node id="te" value="90" /></node>		<node id="te">		<node id="jin" value="110" />		<node id="mu" value="110" />		<node id="shui" value="110" />		<node id="huo" value="110" />		<node id="tu" value="110" />		<node id="xian" value="110" />		<node id="yao" value="110" />		<node id="fo" value="110" />		<node id="gui" value="110" />		<node id="pu" value="110" />		<node id="te" value="90" /></node></node>