<node label="root">		<node id="guan1">		<node id="guai0" guaiLevel="1" />		<node id="guai1" guaiLevel="1" /></node>		<node id="guan2">		<node id="guai0" guaiLevel="2" />		<node id="guai1" guaiLevel="2" /></node>		<node id="guan3">		<node id="guai0" guaiLevel="3" />		<node id="guai1" guaiLevel="3" /></node>		<node id="guan4">		<node id="guai0" guaiLevel="4" />		<node id="guai1" guaiLevel="4" /></node>		<node id="guan5">		<node id="guai0" guaiLevel="5" />		<node id="guai1" guaiLevel="5" /></node>		<node id="guan6">		<node id="guai0" guaiLevel="6" />		<node id="guai1" guaiLevel="6" /></node>		<node id="guan7">		<node id="guai0" guaiLevel="7" />		<node id="guai1" guaiLevel="7" /></node>		<node id="guan8">		<node id="guai0" guaiLevel="8" />		<node id="guai1" guaiLevel="8" /></node>		<node id="guan9">		<node id="guai0" guaiLevel="9" />		<node id="guai1" guaiLevel="9" /></node>		<node id="guan10">		<node id="guai0" guaiLevel="10" />		<node id="guai1" guaiLevel="10" /></node>		<node id="guan11">		<node id="guai0" guaiLevel="11" />		<node id="guai1" guaiLevel="11" /></node>		<node id="guan12">		<node id="guai0" guaiLevel="12" />		<node id="guai1" guaiLevel="12" /></node>		<node id="guan13">		<node id="guai0" guaiLevel="13" />		<node id="guai1" guaiLevel="13" /></node>		<node id="guan14">		<node id="guai0" guaiLevel="14" />		<node id="guai1" guaiLevel="14" /></node>		<node id="guan15">		<node id="guai0" guaiLevel="15" />		<node id="guai1" guaiLevel="15" /></node>		<node id="guan16">		<node id="guai0" guaiLevel="16" />		<node id="guai1" guaiLevel="16" /></node>		<node id="guan17">		<node id="guai0" guaiLevel="17" />		<node id="guai1" guaiLevel="17" /></node>		<node id="guan18">		<node id="guai0" guaiLevel="18" />		<node id="guai1" guaiLevel="18" /></node>		<node id="guan19">		<node id="guai0" guaiLevel="19" />		<node id="guai1" guaiLevel="19" /></node>		<node id="guan20">		<node id="guai0" guaiLevel="20" />		<node id="guai1" guaiLevel="20" /></node>		<node id="guan21">		<node id="guai0" guaiLevel="21" />		<node id="guai1" guaiLevel="21" /></node>		<node id="guan22">		<node id="guai0" guaiLevel="22" />		<node id="guai1" guaiLevel="22" /></node>		<node id="guan23">		<node id="guai0" guaiLevel="23" />		<node id="guai1" guaiLevel="23" /></node>		<node id="guan24">		<node id="guai0" guaiLevel="24" />		<node id="guai1" guaiLevel="24" /></node>		<node id="guan25">		<node id="guai0" guaiLevel="25" />		<node id="guai1" guaiLevel="25" /></node>		<node id="guan26">		<node id="guai0" guaiLevel="26" />		<node id="guai1" guaiLevel="26" /></node>		<node id="guan27">		<node id="guai0" guaiLevel="27" />		<node id="guai1" guaiLevel="27" /></node>		<node id="guan28">		<node id="guai0" guaiLevel="28" />		<node id="guai1" guaiLevel="28" /></node>		<node id="guan29">		<node id="guai0" guaiLevel="29" />		<node id="guai1" guaiLevel="29" /></node>		<node id="guan30">		<node id="guai0" guaiLevel="30" />		<node id="guai1" guaiLevel="30" /></node>		<node id="guan31">		<node id="guai0" guaiLevel="31" />		<node id="guai1" guaiLevel="31" /></node>		<node id="guan32">		<node id="guai0" guaiLevel="32" />		<node id="guai1" guaiLevel="32" /></node>		<node id="guan33">		<node id="guai0" guaiLevel="33" />		<node id="guai1" guaiLevel="33" /></node>		<node id="guan34">		<node id="guai0" guaiLevel="34" />		<node id="guai1" guaiLevel="34" /></node>		<node id="guan35">		<node id="guai0" guaiLevel="35" />		<node id="guai1" guaiLevel="35" /></node>		<node id="guan36">		<node id="guai0" guaiLevel="36" />		<node id="guai1" guaiLevel="36" /></node>		<node id="guan37">		<node id="guai0" guaiLevel="37" />		<node id="guai1" guaiLevel="37" /></node>		<node id="guan38">		<node id="guai0" guaiLevel="38" />		<node id="guai1" guaiLevel="38" /></node>		<node id="guan39">		<node id="guai0" guaiLevel="39" />		<node id="guai1" guaiLevel="39" /></node>		<node id="guan40">		<node id="guai0" guaiLevel="40" />		<node id="guai1" guaiLevel="40" /></node>		<node id="guan41">		<node id="guai0" guaiLevel="41" />		<node id="guai1" guaiLevel="41" /></node>		<node id="guan42">		<node id="guai0" guaiLevel="42" />		<node id="guai1" guaiLevel="42" /></node>		<node id="guan43">		<node id="guai0" guaiLevel="43" />		<node id="guai1" guaiLevel="43" /></node>		<node id="guan44">		<node id="guai0" guaiLevel="44" />		<node id="guai1" guaiLevel="44" /></node>		<node id="guan45">		<node id="guai0" guaiLevel="45" />		<node id="guai1" guaiLevel="45" /></node>		<node id="guan46">		<node id="guai0" guaiLevel="46" />		<node id="guai1" guaiLevel="46" /></node>		<node id="guan47">		<node id="guai0" guaiLevel="47" />		<node id="guai1" guaiLevel="47" /></node>		<node id="guan48">		<node id="guai0" guaiLevel="48" />		<node id="guai1" guaiLevel="48" /></node>		<node id="guan49">		<node id="guai0" guaiLevel="49" />		<node id="guai1" guaiLevel="49" /></node>		<node id="guan50">		<node id="guai0" guaiLevel="50" />		<node id="guai1" guaiLevel="50" /></node>		<node id="guan51">		<node id="guai0" guaiLevel="51" />		<node id="guai1" guaiLevel="51" /></node>		<node id="guan52">		<node id="guai0" guaiLevel="52" />		<node id="guai1" guaiLevel="52" /></node>		<node id="guan53">		<node id="guai0" guaiLevel="53" />		<node id="guai1" guaiLevel="53" /></node>		<node id="guan54">		<node id="guai0" guaiLevel="54" />		<node id="guai1" guaiLevel="54" /></node>		<node id="guan55">		<node id="guai0" guaiLevel="55" />		<node id="guai1" guaiLevel="55" /></node>		<node id="guan56">		<node id="guai0" guaiLevel="56" />		<node id="guai1" guaiLevel="56" /></node>		<node id="guan57">		<node id="guai0" guaiLevel="57" />		<node id="guai1" guaiLevel="57" /></node>		<node id="guan58">		<node id="guai0" guaiLevel="58" />		<node id="guai1" guaiLevel="58" /></node>		<node id="guan59">		<node id="guai0" guaiLevel="59" />		<node id="guai1" guaiLevel="59" /></node>		<node id="guan60">		<node id="guai0" guaiLevel="60" />		<node id="guai1" guaiLevel="60" /></node>		<node id="guan61">		<node id="guai0" guaiLevel="61" />		<node id="guai1" guaiLevel="61" /></node>		<node id="guan62">		<node id="guai0" guaiLevel="62" />		<node id="guai1" guaiLevel="62" /></node>		<node id="guan63">		<node id="guai0" guaiLevel="63" />		<node id="guai1" guaiLevel="63" /></node>		<node id="guan64">		<node id="guai0" guaiLevel="64" />		<node id="guai1" guaiLevel="64" /></node>		<node id="guan65">		<node id="guai0" guaiLevel="65" />		<node id="guai1" guaiLevel="65" /></node>		<node id="guan66">		<node id="guai0" guaiLevel="66" />		<node id="guai1" guaiLevel="66" /></node>		<node id="guan67">		<node id="guai0" guaiLevel="67" />		<node id="guai1" guaiLevel="67" /></node>		<node id="guan68">		<node id="guai0" guaiLevel="68" />		<node id="guai1" guaiLevel="68" /></node>		<node id="guan69">		<node id="guai0" guaiLevel="69" />		<node id="guai1" guaiLevel="69" /></node>		<node id="guan70">		<node id="guai0" guaiLevel="70" />		<node id="guai1" guaiLevel="70" /></node>		<node id="guan71">		<node id="guai0" guaiLevel="71" />		<node id="guai1" guaiLevel="71" /></node>		<node id="guan72">		<node id="guai0" guaiLevel="72" />		<node id="guai1" guaiLevel="72" /></node>		<node id="guan73">		<node id="guai0" guaiLevel="73" />		<node id="guai1" guaiLevel="73" /></node>		<node id="guan74">		<node id="guai0" guaiLevel="74" />		<node id="guai1" guaiLevel="74" /></node>		<node id="guan75">		<node id="guai0" guaiLevel="75" />		<node id="guai1" guaiLevel="75" /></node>		<node id="guan76">		<node id="guai0" guaiLevel="76" />		<node id="guai1" guaiLevel="76" /></node>		<node id="guan77">		<node id="guai0" guaiLevel="77" />		<node id="guai1" guaiLevel="77" /></node>		<node id="guan78">		<node id="guai0" guaiLevel="78" />		<node id="guai1" guaiLevel="78" /></node>		<node id="guan79">		<node id="guai0" guaiLevel="79" />		<node id="guai1" guaiLevel="79" /></node>		<node id="guan80">		<node id="guai0" guaiLevel="80" />		<node id="guai1" guaiLevel="80" /></node>		<node id="guan81">		<node id="guai0" guaiLevel="81" />		<node id="guai1" guaiLevel="81" /></node>		<node id="guan82">		<node id="guai0" guaiLevel="82" />		<node id="guai1" guaiLevel="82" /></node>		<node id="guan83">		<node id="guai0" guaiLevel="83" />		<node id="guai1" guaiLevel="83" /></node>		<node id="guan84">		<node id="guai0" guaiLevel="84" />		<node id="guai1" guaiLevel="84" /></node>		<node id="guan85">		<node id="guai0" guaiLevel="85" />		<node id="guai1" guaiLevel="85" /></node>		<node id="guan86">		<node id="guai0" guaiLevel="86" />		<node id="guai1" guaiLevel="86" /></node>		<node id="guan87">		<node id="guai0" guaiLevel="87" />		<node id="guai1" guaiLevel="87" /></node>		<node id="guan88">		<node id="guai0" guaiLevel="88" />		<node id="guai1" guaiLevel="88" /></node>		<node id="guan89">		<node id="guai0" guaiLevel="89" />		<node id="guai1" guaiLevel="89" /></node>		<node id="guan90">		<node id="guai0" guaiLevel="90" />		<node id="guai1" guaiLevel="90" /></node>		<node id="guan91">		<node id="guai0" guaiLevel="91" />		<node id="guai1" guaiLevel="91" /></node>		<node id="guan92">		<node id="guai0" guaiLevel="92" />		<node id="guai1" guaiLevel="92" /></node>		<node id="guan93">		<node id="guai0" guaiLevel="93" />		<node id="guai1" guaiLevel="93" /></node>		<node id="guan94">		<node id="guai0" guaiLevel="94" />		<node id="guai1" guaiLevel="94" /></node>		<node id="guan95">		<node id="guai0" guaiLevel="95" />		<node id="guai1" guaiLevel="95" /></node>		<node id="guan96">		<node id="guai0" guaiLevel="96" />		<node id="guai1" guaiLevel="96" /></node>		<node id="guan97">		<node id="guai0" guaiLevel="97" />		<node id="guai1" guaiLevel="97" /></node>		<node id="guan98">		<node id="guai0" guaiLevel="98" />		<node id="guai1" guaiLevel="98" /></node>		<node id="guan99">		<node id="guai0" guaiLevel="99" />		<node id="guai1" guaiLevel="99" /></node>		<node id="guan100">		<node id="guai0" guaiLevel="100" />		<node id="guai1" guaiLevel="100" /></node></node>